3/30/2013 9:30,-113.41,39.62,1439.04,-7,4429.01
3/30/2013 10:30,-113.41,39.62,1439.04,-7,4428.99
3/30/2013 11:30,-113.41,39.62,1439.04,-7,4428.98
3/30/2013 12:30,-113.41,39.62,1439.04,-7,4428.98
3/30/2013 13:30,-113.41,39.62,1439.04,-7,4428.98
3/30/2013 14:30,-113.41,39.62,1439.04,-7,4428.99
3/30/2013 15:30,-113.41,39.62,1439.04,-7,4429
3/30/2013 16:30,-113.41,39.62,1439.04,-7,4429.01
3/30/2013 17:30,-113.41,39.62,1439.04,-7,4429.03
3/30/2013 18:30,-113.41,39.62,1439.04,-7,4429.04
3/30/2013 19:30,-113.41,39.62,1439.04,-7,4429.06
3/30/2013 20:30,-113.41,39.62,1439.04,-7,4429.06
3/30/2013 21:30,-113.41,39.62,1439.04,-7,4429.07
3/30/2013 22:30,-113.41,39.62,1439.04,-7,4429.07
3/30/2013 23:30,-113.41,39.62,1439.04,-7,4429.06
3/31/2013 0:30,-113.41,39.62,1439.04,-7,4429.07
3/31/2013 1:30,-113.41,39.62,1439.04,-7,4429.07
3/31/2013 2:30,-113.41,39.62,1439.04,-7,4429.08
3/31/2013 3:30,-113.41,39.62,1439.04,-7,4429.08
3/31/2013 4:30,-113.41,39.62,1439.04,-7,4429.08
3/31/2013 5:30,-113.41,39.62,1439.04,-7,4429.09
3/31/2013 6:30,-113.41,39.62,1439.04,-7,4429.09
3/31/2013 7:30,-113.41,39.62,1439.04,-7,4429.07
3/31/2013 8:30,-113.41,39.62,1439.04,-7,4429.04
3/31/2013 9:30,-113.41,39.62,1439.04,-7,4429.02
3/31/2013 10:30,-113.41,39.62,1439.04,-7,4429.01
3/31/2013 11:30,-113.41,39.62,1439.04,-7,4429.01
3/31/2013 12:30,-113.41,39.62,1439.04,-7,4429
3/31/2013 13:30,-113.41,39.62,1439.04,-7,4429.01
3/31/2013 14:30,-113.41,39.62,1439.04,-7,4429.01
3/31/2013 15:30,-113.41,39.62,1439.04,-7,4429.01
3/31/2013 16:30,-113.41,39.62,1439.04,-7,4429.01
3/31/2013 17:30,-113.41,39.62,1439.04,-7,4429.01
3/31/2013 18:30,-113.41,39.62,1439.04,-7,4429.01
3/31/2013 19:30,-113.41,39.62,1439.04,-7,4429.05
3/31/2013 20:30,-113.41,39.62,1439.04,-7,4429.06
3/31/2013 21:30,-113.41,39.62,1439.04,-7,4429.06
3/31/2013 22:30,-113.41,39.62,1439.04,-7,4429.07
3/31/2013 23:30,-113.41,39.62,1439.04,-7,4429.07
4/1/2013 0:30,-113.41,39.62,1439.04,-7,4429.06
4/1/2013 1:30,-113.41,39.62,1439.04,-7,4429.07
4/1/2013 2:30,-113.41,39.62,1439.04,-7,4429.06
4/1/2013 3:30,-113.41,39.62,1439.04,-7,4429.07
4/1/2013 4:30,-113.41,39.62,1439.04,-7,4429.07
4/1/2013 5:30,-113.41,39.62,1439.04,-7,4429.07
4/1/2013 6:30,-113.41,39.62,1439.04,-7,4429.07
4/1/2013 7:30,-113.41,39.62,1439.04,-7,4429.06
4/1/2013 8:30,-113.41,39.62,1439.04,-7,4429.05
4/1/2013 9:30,-113.41,39.62,1439.04,-7,4429.03
4/1/2013 10:30,-113.41,39.62,1439.04,-7,4429.02
4/1/2013 11:30,-113.41,39.62,1439.04,-7,4429.02
4/1/2013 12:30,-113.41,39.62,1439.04,-7,4429.01
4/1/2013 13:30,-113.41,39.62,1439.04,-7,4429
4/1/2013 14:30,-113.41,39.62,1439.04,-7,4428.98
4/1/2013 15:30,-113.41,39.62,1439.04,-7,4428.98
4/1/2013 16:30,-113.41,39.62,1439.04,-7,4428.99
4/1/2013 17:30,-113.41,39.62,1439.04,-7,4429
4/1/2013 18:30,-113.41,39.62,1439.04,-7,4429.02
4/1/2013 19:30,-113.41,39.62,1439.04,-7,4429.03
4/1/2013 20:30,-113.41,39.62,1439.04,-7,4429.04
4/1/2013 21:30,-113.41,39.62,1439.04,-7,4429.05
4/1/2013 22:30,-113.41,39.62,1439.04,-7,4429.06
4/1/2013 23:30,-113.41,39.62,1439.04,-7,4429.07
4/2/2013 0:30,-113.41,39.62,1439.04,-7,4429.07
4/2/2013 1:30,-113.41,39.62,1439.04,-7,4429.07
4/2/2013 2:30,-113.41,39.62,1439.04,-7,4429.08
4/2/2013 3:30,-113.41,39.62,1439.04,-7,4429.07
4/2/2013 4:30,-113.41,39.62,1439.04,-7,4429.07
4/2/2013 5:30,-113.41,39.62,1439.04,-7,4429.06
4/2/2013 6:30,-113.41,39.62,1439.04,-7,4429.06
4/2/2013 7:30,-113.41,39.62,1439.04,-7,4429.05
4/2/2013 8:30,-113.41,39.62,1439.04,-7,4429.04
4/2/2013 9:30,-113.41,39.62,1439.04,-7,4429.04
4/2/2013 10:30,-113.41,39.62,1439.04,-7,4429.02
4/2/2013 11:30,-113.41,39.62,1439.04,-7,4429.01
4/2/2013 12:30,-113.41,39.62,1439.04,-7,4429.01
4/2/2013 13:30,-113.41,39.62,1439.04,-7,4429.01
4/2/2013 14:30,-113.41,39.62,1439.04,-7,4429
4/2/2013 15:30,-113.41,39.62,1439.04,-7,4428.99
4/2/2013 16:30,-113.41,39.62,1439.04,-7,4428.99
4/2/2013 17:30,-113.41,39.62,1439.04,-7,4428.99
4/2/2013 18:30,-113.41,39.62,1439.04,-7,4428.99
4/2/2013 19:30,-113.41,39.62,1439.04,-7,4429.01
4/2/2013 20:30,-113.41,39.62,1439.04,-7,4429.02
4/2/2013 21:30,-113.41,39.62,1439.04,-7,4429.03
4/2/2013 22:30,-113.41,39.62,1439.04,-7,4429.05
4/2/2013 23:30,-113.41,39.62,1439.04,-7,4429.07
4/3/2013 0:30,-113.41,39.62,1439.04,-7,4429.08
4/3/2013 1:30,-113.41,39.62,1439.04,-7,4429.08
4/3/2013 2:30,-113.41,39.62,1439.04,-7,4429.08
4/3/2013 3:30,-113.41,39.62,1439.04,-7,4429.08
4/3/2013 4:30,-113.41,39.62,1439.04,-7,4429.07
4/3/2013 5:30,-113.41,39.62,1439.04,-7,4429.07
4/3/2013 6:30,-113.41,39.62,1439.04,-7,4429.06
4/3/2013 7:30,-113.41,39.62,1439.04,-7,4429.04
4/3/2013 8:30,-113.41,39.62,1439.04,-7,4429.02
4/3/2013 9:30,-113.41,39.62,1439.04,-7,4429.02
4/3/2013 10:30,-113.41,39.62,1439.04,-7,4429.02
4/3/2013 11:30,-113.41,39.62,1439.04,-7,4429.03
4/3/2013 12:30,-113.41,39.62,1439.04,-7,4429.03
4/3/2013 13:30,-113.41,39.62,1439.04,-7,4429.03
4/3/2013 14:30,-113.41,39.62,1439.04,-7,4429.02
4/3/2013 15:30,-113.41,39.62,1439.04,-7,4429.02
4/3/2013 16:30,-113.41,39.62,1439.04,-7,4429.01
4/3/2013 17:30,-113.41,39.62,1439.04,-7,4429
4/3/2013 18:30,-113.41,39.62,1439.04,-7,4428.99
4/3/2013 19:30,-113.41,39.62,1439.04,-7,4429
4/3/2013 20:30,-113.41,39.62,1439.04,-7,4429.01
4/3/2013 21:30,-113.41,39.62,1439.04,-7,4429.02
4/3/2013 22:30,-113.41,39.62,1439.04,-7,4429.04
4/3/2013 23:30,-113.41,39.62,1439.04,-7,4429.05
4/4/2013 0:30,-113.41,39.62,1439.04,-7,4429.07
4/4/2013 1:30,-113.41,39.62,1439.04,-7,4429.08
4/4/2013 2:30,-113.41,39.62,1439.04,-7,4429.09
4/4/2013 3:30,-113.41,39.62,1439.04,-7,4429.09
4/4/2013 4:30,-113.41,39.62,1439.04,-7,4429.08
4/4/2013 5:30,-113.41,39.62,1439.04,-7,4429.07
4/4/2013 6:30,-113.41,39.62,1439.04,-7,4429.06
4/4/2013 7:30,-113.41,39.62,1439.04,-7,4429.04
4/4/2013 8:30,-113.41,39.62,1439.04,-7,4429.03
4/4/2013 9:30,-113.41,39.62,1439.04,-7,4429.02
4/4/2013 10:30,-113.41,39.62,1439.04,-7,4429.03
4/4/2013 11:30,-113.41,39.62,1439.04,-7,4429.03
4/4/2013 12:30,-113.41,39.62,1439.04,-7,4429.05
4/4/2013 13:30,-113.41,39.62,1439.04,-7,4429.05
4/4/2013 14:30,-113.41,39.62,1439.04,-7,4429.05
4/4/2013 15:30,-113.41,39.62,1439.04,-7,4429.05
4/4/2013 16:30,-113.41,39.62,1439.04,-7,4429.04
4/4/2013 17:30,-113.41,39.62,1439.04,-7,4429.03
4/4/2013 18:30,-113.41,39.62,1439.04,-7,4429.02
4/4/2013 19:30,-113.41,39.62,1439.04,-7,4429.01
4/4/2013 20:30,-113.41,39.62,1439.04,-7,4429.01
4/4/2013 21:30,-113.41,39.62,1439.04,-7,4429.02
4/4/2013 22:30,-113.41,39.62,1439.04,-7,4429.03
4/4/2013 23:30,-113.41,39.62,1439.04,-7,4429.05
4/5/2013 0:30,-113.41,39.62,1439.04,-7,4429.06
4/5/2013 1:30,-113.41,39.62,1439.04,-7,4429.07
4/5/2013 2:30,-113.41,39.62,1439.04,-7,4429.08
4/5/2013 3:30,-113.41,39.62,1439.04,-7,4429.07
4/5/2013 4:30,-113.41,39.62,1439.04,-7,4429.04
4/5/2013 5:30,-113.41,39.62,1439.04,-7,4429.03
4/5/2013 6:30,-113.41,39.62,1439.04,-7,4429.02
4/5/2013 7:30,-113.41,39.62,1439.04,-7,4429.01
4/5/2013 8:30,-113.41,39.62,1439.04,-7,4429
4/5/2013 9:30,-113.41,39.62,1439.04,-7,4429
4/5/2013 10:30,-113.41,39.62,1439.04,-7,4429.01
4/5/2013 11:30,-113.41,39.62,1439.04,-7,4429.01
4/5/2013 12:30,-113.41,39.62,1439.04,-7,4429.02
4/5/2013 13:30,-113.41,39.62,1439.04,-7,4429.04
4/5/2013 14:30,-113.41,39.62,1439.04,-7,4429.05
4/5/2013 15:30,-113.41,39.62,1439.04,-7,4429.05
4/5/2013 16:30,-113.41,39.62,1439.04,-7,4429.04
4/5/2013 17:30,-113.41,39.62,1439.04,-7,4429.02
4/5/2013 18:30,-113.41,39.62,1439.04,-7,4429.01
4/5/2013 19:30,-113.41,39.62,1439.04,-7,4429.01
4/5/2013 20:30,-113.41,39.62,1439.04,-7,4429
4/5/2013 21:30,-113.41,39.62,1439.04,-7,4429.01
4/5/2013 22:30,-113.41,39.62,1439.04,-7,4429.03
4/5/2013 23:30,-113.41,39.62,1439.04,-7,4429.04
4/6/2013 0:30,-113.41,39.62,1439.04,-7,4429.06
4/6/2013 1:30,-113.41,39.62,1439.04,-7,4429.07
4/6/2013 2:30,-113.41,39.62,1439.04,-7,4429.09
4/6/2013 3:30,-113.41,39.62,1439.04,-7,4429.09
4/6/2013 4:30,-113.41,39.62,1439.04,-7,4429.09
4/6/2013 5:30,-113.41,39.62,1439.04,-7,4429.07
4/6/2013 6:30,-113.41,39.62,1439.04,-7,4429.05
4/6/2013 7:30,-113.41,39.62,1439.04,-7,4429.03
4/6/2013 8:30,-113.41,39.62,1439.04,-7,4429.02
4/6/2013 9:30,-113.41,39.62,1439.04,-7,4429
4/6/2013 10:30,-113.41,39.62,1439.04,-7,4429
4/6/2013 11:30,-113.41,39.62,1439.04,-7,4429.01
4/6/2013 12:30,-113.41,39.62,1439.04,-7,4429.02
4/6/2013 13:30,-113.41,39.62,1439.04,-7,4429.04
4/6/2013 14:30,-113.41,39.62,1439.04,-7,4429.06
4/6/2013 15:30,-113.41,39.62,1439.04,-7,4429.06
4/6/2013 16:30,-113.41,39.62,1439.04,-7,4429.05
4/6/2013 17:30,-113.41,39.62,1439.04,-7,4429.04
4/6/2013 18:30,-113.41,39.62,1439.04,-7,4429.03
4/6/2013 19:30,-113.41,39.62,1439.04,-7,4429.02
4/6/2013 20:30,-113.41,39.62,1439.04,-7,4429.01
4/6/2013 21:30,-113.41,39.62,1439.04,-7,4429.02
4/6/2013 22:30,-113.41,39.62,1439.04,-7,4429.03
4/6/2013 23:30,-113.41,39.62,1439.04,-7,4429.04
4/7/2013 0:30,-113.41,39.62,1439.04,-7,4429.06
4/7/2013 1:30,-113.41,39.62,1439.04,-7,4429.08
4/7/2013 2:30,-113.41,39.62,1439.04,-7,4429.1
4/7/2013 3:30,-113.41,39.62,1439.04,-7,4429.11
4/7/2013 4:30,-113.41,39.62,1439.04,-7,4429.11
4/7/2013 5:30,-113.41,39.62,1439.04,-7,4429.1
4/7/2013 6:30,-113.41,39.62,1439.04,-7,4429.07
4/7/2013 7:30,-113.41,39.62,1439.04,-7,4429.04
4/7/2013 8:30,-113.41,39.62,1439.04,-7,4429.01
4/7/2013 9:30,-113.41,39.62,1439.04,-7,4428.99
4/7/2013 10:30,-113.41,39.62,1439.04,-7,4428.99
4/7/2013 11:30,-113.41,39.62,1439.04,-7,4429.01
4/7/2013 12:30,-113.41,39.62,1439.04,-7,4429.03
4/7/2013 13:30,-113.41,39.62,1439.04,-7,4429.05
4/7/2013 14:30,-113.41,39.62,1439.04,-7,4429.06
4/7/2013 15:30,-113.41,39.62,1439.04,-7,4429.08
4/7/2013 16:30,-113.41,39.62,1439.04,-7,4429.08
4/7/2013 17:30,-113.41,39.62,1439.04,-7,4429.08
4/7/2013 18:30,-113.41,39.62,1439.04,-7,4429.07
4/7/2013 19:30,-113.41,39.62,1439.04,-7,4429.05
4/7/2013 20:30,-113.41,39.62,1439.04,-7,4429.04
4/7/2013 21:30,-113.41,39.62,1439.04,-7,4429.03
4/7/2013 22:30,-113.41,39.62,1439.04,-7,4429.03
4/7/2013 23:30,-113.41,39.62,1439.04,-7,4429.04
4/8/2013 0:30,-113.41,39.62,1439.04,-7,4429.05
4/8/2013 1:30,-113.41,39.62,1439.04,-7,4429.06
4/8/2013 2:30,-113.41,39.62,1439.04,-7,4429.07
4/8/2013 3:30,-113.41,39.62,1439.04,-7,4429.08
4/8/2013 4:30,-113.41,39.62,1439.04,-7,4429.07
4/8/2013 5:30,-113.41,39.62,1439.04,-7,4429.09
4/8/2013 6:30,-113.41,39.62,1439.04,-7,4429.07
4/8/2013 7:30,-113.41,39.62,1439.04,-7,4429.05
4/8/2013 8:30,-113.41,39.62,1439.04,-7,4429.04
4/8/2013 9:30,-113.41,39.62,1439.04,-7,4429.02
4/8/2013 10:30,-113.41,39.62,1439.04,-7,4429.01
4/8/2013 11:30,-113.41,39.62,1439.04,-7,4429.01
4/8/2013 12:30,-113.41,39.62,1439.04,-7,4429.02
4/8/2013 13:30,-113.41,39.62,1439.04,-7,4429.04
4/8/2013 14:30,-113.41,39.62,1439.04,-7,4429.05
4/8/2013 15:30,-113.41,39.62,1439.04,-7,4429.07
4/8/2013 16:30,-113.41,39.62,1439.04,-7,4429.08
4/8/2013 17:30,-113.41,39.62,1439.04,-7,4429.08
4/8/2013 18:30,-113.41,39.62,1439.04,-7,4429.07
4/8/2013 19:30,-113.41,39.62,1439.04,-7,4429.06
4/8/2013 20:30,-113.41,39.62,1439.04,-7,4429.05
4/8/2013 21:30,-113.41,39.62,1439.04,-7,4429.04
4/8/2013 22:30,-113.41,39.62,1439.04,-7,4429.03
4/8/2013 23:30,-113.41,39.62,1439.04,-7,4429.02
4/9/2013 0:30,-113.41,39.62,1439.04,-7,4429.03
4/9/2013 1:30,-113.41,39.62,1439.04,-7,4429.03
4/9/2013 2:30,-113.41,39.62,1439.04,-7,4429.05
4/9/2013 3:30,-113.41,39.62,1439.04,-7,4429.07
4/9/2013 4:30,-113.41,39.62,1439.04,-7,4429.07
4/9/2013 5:30,-113.41,39.62,1439.04,-7,4429.07
4/9/2013 6:30,-113.41,39.62,1439.04,-7,4429.06
4/9/2013 7:30,-113.41,39.62,1439.04,-7,4429.04
4/9/2013 8:30,-113.41,39.62,1439.04,-7,4429.02
4/9/2013 9:30,-113.41,39.62,1439.04,-7,4429
4/9/2013 10:30,-113.41,39.62,1439.04,-7,4428.99
4/9/2013 11:30,-113.41,39.62,1439.04,-7,4428.99
4/9/2013 12:30,-113.41,39.62,1439.04,-7,4429
4/9/2013 13:30,-113.41,39.62,1439.04,-7,4429.02
4/9/2013 14:30,-113.41,39.62,1439.04,-7,4429.04
4/9/2013 15:30,-113.41,39.62,1439.04,-7,4429.05
4/9/2013 16:30,-113.41,39.62,1439.04,-7,4429.06
4/9/2013 17:30,-113.41,39.62,1439.04,-7,4429.07
4/9/2013 18:30,-113.41,39.62,1439.04,-7,4429.08
4/9/2013 19:30,-113.41,39.62,1439.04,-7,4429.07
4/9/2013 20:30,-113.41,39.62,1439.04,-7,4429.05
4/9/2013 21:30,-113.41,39.62,1439.04,-7,4429.04
4/9/2013 22:30,-113.41,39.62,1439.04,-7,4429.04
4/9/2013 23:30,-113.41,39.62,1439.04,-7,4429.03
4/10/2013 0:30,-113.41,39.62,1439.04,-7,4429.04
4/10/2013 1:30,-113.41,39.62,1439.04,-7,4429.07
4/10/2013 2:30,-113.41,39.62,1439.04,-7,4429.08
4/10/2013 3:30,-113.41,39.62,1439.04,-7,4429.1
4/10/2013 4:30,-113.41,39.62,1439.04,-7,4429.11
4/10/2013 5:30,-113.41,39.62,1439.04,-7,4429.1
4/10/2013 6:30,-113.41,39.62,1439.04,-7,4429.09
4/10/2013 7:30,-113.41,39.62,1439.04,-7,4429.05
4/10/2013 8:30,-113.41,39.62,1439.04,-7,4429
4/10/2013 9:30,-113.41,39.62,1439.04,-7,4428.98
4/10/2013 10:30,-113.41,39.62,1439.04,-7,4428.97
4/10/2013 11:30,-113.41,39.62,1439.04,-7,4428.97
4/10/2013 12:30,-113.41,39.62,1439.04,-7,4428.98
4/10/2013 13:30,-113.41,39.62,1439.04,-7,4429.01
4/10/2013 14:30,-113.41,39.62,1439.04,-7,4429.03
4/10/2013 15:30,-113.41,39.62,1439.04,-7,4429.05
4/10/2013 16:30,-113.41,39.62,1439.04,-7,4429.07
4/10/2013 17:30,-113.41,39.62,1439.04,-7,4429.08
4/10/2013 18:30,-113.41,39.62,1439.04,-7,4429.08
4/10/2013 19:30,-113.41,39.62,1439.04,-7,4429.08
4/10/2013 20:30,-113.41,39.62,1439.04,-7,4429.08
4/10/2013 21:30,-113.41,39.62,1439.04,-7,4429.07
4/10/2013 22:30,-113.41,39.62,1439.04,-7,4429.06
4/10/2013 23:30,-113.41,39.62,1439.04,-7,4429.06
4/11/2013 0:30,-113.41,39.62,1439.04,-7,4429.07
4/11/2013 1:30,-113.41,39.62,1439.04,-7,4429.06
4/11/2013 2:30,-113.41,39.62,1439.04,-7,4429.06
4/11/2013 3:30,-113.41,39.62,1439.04,-7,4429.07
4/11/2013 4:30,-113.41,39.62,1439.04,-7,4429.08
4/11/2013 5:30,-113.41,39.62,1439.04,-7,4429.08
4/11/2013 6:30,-113.41,39.62,1439.04,-7,4429.06
4/11/2013 7:30,-113.41,39.62,1439.04,-7,4429.04
4/11/2013 8:30,-113.41,39.62,1439.04,-7,4429.02
4/11/2013 9:30,-113.41,39.62,1439.04,-7,4429
4/11/2013 10:30,-113.41,39.62,1439.04,-7,4428.98
4/11/2013 11:30,-113.41,39.62,1439.04,-7,4428.97
4/11/2013 12:30,-113.41,39.62,1439.04,-7,4428.98
4/11/2013 13:30,-113.41,39.62,1439.04,-7,4428.99
4/11/2013 14:30,-113.41,39.62,1439.04,-7,4429.01
4/11/2013 15:30,-113.41,39.62,1439.04,-7,4429.03
4/11/2013 16:30,-113.41,39.62,1439.04,-7,4429.05
4/11/2013 17:30,-113.41,39.62,1439.04,-7,4429.06
4/11/2013 18:30,-113.41,39.62,1439.04,-7,4429.07
4/11/2013 19:30,-113.41,39.62,1439.04,-7,4429.07
4/11/2013 20:30,-113.41,39.62,1439.04,-7,4429.07
4/11/2013 21:30,-113.41,39.62,1439.04,-7,4429.07
4/11/2013 22:30,-113.41,39.62,1439.04,-7,4429.06
4/11/2013 23:30,-113.41,39.62,1439.04,-7,4429.05
4/12/2013 0:30,-113.41,39.62,1439.04,-7,4429.06
4/12/2013 1:30,-113.41,39.62,1439.04,-7,4429.06
4/12/2013 2:30,-113.41,39.62,1439.04,-7,4429.07
4/12/2013 3:30,-113.41,39.62,1439.04,-7,4429.08
4/12/2013 4:30,-113.41,39.62,1439.04,-7,4429.09
4/12/2013 5:30,-113.41,39.62,1439.04,-7,4429.09
4/12/2013 6:30,-113.41,39.62,1439.04,-7,4429.08
4/12/2013 7:30,-113.41,39.62,1439.04,-7,4429.04
4/12/2013 8:30,-113.41,39.62,1439.04,-7,4429.01
4/12/2013 9:30,-113.41,39.62,1439.04,-7,4428.99
4/12/2013 10:30,-113.41,39.62,1439.04,-7,4428.97
4/12/2013 11:30,-113.41,39.62,1439.04,-7,4428.97
4/12/2013 12:30,-113.41,39.62,1439.04,-7,4428.98
4/12/2013 13:30,-113.41,39.62,1439.04,-7,4428.99
4/12/2013 14:30,-113.41,39.62,1439.04,-7,4429.01
4/12/2013 15:30,-113.41,39.62,1439.04,-7,4429.03
4/12/2013 16:30,-113.41,39.62,1439.04,-7,4429.05
4/12/2013 17:30,-113.41,39.62,1439.04,-7,4429.06
4/12/2013 18:30,-113.41,39.62,1439.04,-7,4429.08
4/12/2013 19:30,-113.41,39.62,1439.04,-7,4429.08
4/12/2013 20:30,-113.41,39.62,1439.04,-7,4429.08
4/12/2013 21:30,-113.41,39.62,1439.04,-7,4429.07
4/12/2013 22:30,-113.41,39.62,1439.04,-7,4429.07
4/12/2013 23:30,-113.41,39.62,1439.04,-7,4429.07
4/13/2013 0:30,-113.41,39.62,1439.04,-7,4429.07
4/13/2013 1:30,-113.41,39.62,1439.04,-7,4429.07
4/13/2013 2:30,-113.41,39.62,1439.04,-7,4429.08
4/13/2013 3:30,-113.41,39.62,1439.04,-7,4429.09
4/13/2013 4:30,-113.41,39.62,1439.04,-7,4429.09
4/13/2013 5:30,-113.41,39.62,1439.04,-7,4429.1
4/13/2013 6:30,-113.41,39.62,1439.04,-7,4429.09
4/13/2013 7:30,-113.41,39.62,1439.04,-7,4429.08
4/13/2013 8:30,-113.41,39.62,1439.04,-7,4429.06
4/13/2013 9:30,-113.41,39.62,1439.04,-7,4429.03
4/13/2013 10:30,-113.41,39.62,1439.04,-7,4429.02
4/13/2013 11:30,-113.41,39.62,1439.04,-7,4429.01
4/13/2013 12:30,-113.41,39.62,1439.04,-7,4429.01
4/13/2013 13:30,-113.41,39.62,1439.04,-7,4429.01
4/13/2013 14:30,-113.41,39.62,1439.04,-7,4429.02
4/13/2013 15:30,-113.41,39.62,1439.04,-7,4429.03
4/13/2013 16:30,-113.41,39.62,1439.04,-7,4429.03
4/13/2013 17:30,-113.41,39.62,1439.04,-7,4429.02
4/13/2013 18:30,-113.41,39.62,1439.04,-7,4429.02
4/13/2013 19:30,-113.41,39.62,1439.04,-7,4429.02
4/13/2013 20:30,-113.41,39.62,1439.04,-7,4429
4/13/2013 21:30,-113.41,39.62,1439.04,-7,4428.98
4/13/2013 22:30,-113.41,39.62,1439.04,-7,4429
4/13/2013 23:30,-113.41,39.62,1439.04,-7,4429.01
4/14/2013 0:30,-113.41,39.62,1439.04,-7,4429.02
4/14/2013 1:30,-113.41,39.62,1439.04,-7,4429.03
4/14/2013 2:30,-113.41,39.62,1439.04,-7,4429.04
4/14/2013 3:30,-113.41,39.62,1439.04,-7,4429.06
4/14/2013 4:30,-113.41,39.62,1439.04,-7,4429.07
4/14/2013 5:30,-113.41,39.62,1439.04,-7,4429.09
4/14/2013 6:30,-113.41,39.62,1439.04,-7,4429.09
4/14/2013 7:30,-113.41,39.62,1439.04,-7,4429.06
4/14/2013 8:30,-113.41,39.62,1439.04,-7,4429.03
4/14/2013 9:30,-113.41,39.62,1439.04,-7,4429.02
4/14/2013 10:30,-113.41,39.62,1439.04,-7,4429.01
4/14/2013 11:30,-113.41,39.62,1439.04,-7,4429.01
4/14/2013 12:30,-113.41,39.62,1439.04,-7,4429
4/14/2013 13:30,-113.41,39.62,1439.04,-7,4429.01
4/14/2013 14:30,-113.41,39.62,1439.04,-7,4429.02
4/14/2013 15:30,-113.41,39.62,1439.04,-7,4429.03
4/14/2013 16:30,-113.41,39.62,1439.04,-7,4429.04
4/14/2013 17:30,-113.41,39.62,1439.04,-7,4429.06
4/14/2013 18:30,-113.41,39.62,1439.04,-7,4429.06
4/14/2013 19:30,-113.41,39.62,1439.04,-7,4429.06
4/14/2013 20:30,-113.41,39.62,1439.04,-7,4429.07
4/14/2013 21:30,-113.41,39.62,1439.04,-7,4429.08
4/14/2013 22:30,-113.41,39.62,1439.04,-7,4429.09
4/14/2013 23:30,-113.41,39.62,1439.04,-7,4429.08
4/15/2013 0:30,-113.41,39.62,1439.04,-7,4429.06
4/15/2013 1:30,-113.41,39.62,1439.04,-7,4429.05
4/15/2013 2:30,-113.41,39.62,1439.04,-7,4429.05
4/15/2013 3:30,-113.41,39.62,1439.04,-7,4429.07
4/15/2013 4:30,-113.41,39.62,1439.04,-7,4429.08
4/15/2013 5:30,-113.41,39.62,1439.04,-7,4429.08
4/15/2013 6:30,-113.41,39.62,1439.04,-7,4429.07
4/15/2013 7:30,-113.41,39.62,1439.04,-7,4429.06
4/15/2013 8:30,-113.41,39.62,1439.04,-7,4429.04
4/15/2013 9:30,-113.41,39.62,1439.04,-7,4429.03
4/15/2013 10:30,-113.41,39.62,1439.04,-7,4429.01
4/15/2013 11:30,-113.41,39.62,1439.04,-7,4429.01
4/15/2013 12:30,-113.41,39.62,1439.04,-7,4429
4/15/2013 13:30,-113.41,39.62,1439.04,-7,4428.99
4/15/2013 14:30,-113.41,39.62,1439.04,-7,4429
4/15/2013 15:30,-113.41,39.62,1439.04,-7,4429.01
4/15/2013 16:30,-113.41,39.62,1439.04,-7,4429.02
4/15/2013 17:30,-113.41,39.62,1439.04,-7,4429.04
4/15/2013 18:30,-113.41,39.62,1439.04,-7,4429.06
4/15/2013 19:30,-113.41,39.62,1439.04,-7,4429.06
4/15/2013 20:30,-113.41,39.62,1439.04,-7,4429.06
4/15/2013 21:30,-113.41,39.62,1439.04,-7,4429.07
4/15/2013 22:30,-113.41,39.62,1439.04,-7,4429.07
4/15/2013 23:30,-113.41,39.62,1439.04,-7,4429.08
4/16/2013 0:30,-113.41,39.62,1439.04,-7,4429.07
4/16/2013 1:30,-113.41,39.62,1439.04,-7,4429.07
4/16/2013 2:30,-113.41,39.62,1439.04,-7,4429.07
4/16/2013 3:30,-113.41,39.62,1439.04,-7,4429.07
4/16/2013 4:30,-113.41,39.62,1439.04,-7,4429.06
4/16/2013 5:30,-113.41,39.62,1439.04,-7,4429.07
4/16/2013 6:30,-113.41,39.62,1439.04,-7,4429.07
4/16/2013 7:30,-113.41,39.62,1439.04,-7,4429.06
4/16/2013 8:30,-113.41,39.62,1439.04,-7,4429.05
4/16/2013 9:30,-113.41,39.62,1439.04,-7,4429.04
4/16/2013 10:30,-113.41,39.62,1439.04,-7,4429.03
4/16/2013 11:30,-113.41,39.62,1439.04,-7,4429.02
4/16/2013 12:30,-113.41,39.62,1439.04,-7,4429
4/16/2013 13:30,-113.41,39.62,1439.04,-7,4429
4/16/2013 14:30,-113.41,39.62,1439.04,-7,4428.99
4/16/2013 15:30,-113.41,39.62,1439.04,-7,4428.99
4/16/2013 16:30,-113.41,39.62,1439.04,-7,4428.99
4/16/2013 17:30,-113.41,39.62,1439.04,-7,4429.01
4/16/2013 18:30,-113.41,39.62,1439.04,-7,4429.03
4/16/2013 19:30,-113.41,39.62,1439.04,-7,4429.04
4/16/2013 20:30,-113.41,39.62,1439.04,-7,4429.05
4/16/2013 21:30,-113.41,39.62,1439.04,-7,4429.06
4/16/2013 22:30,-113.41,39.62,1439.04,-7,4429.07
4/16/2013 23:30,-113.41,39.62,1439.04,-7,4429.07
4/17/2013 0:30,-113.41,39.62,1439.04,-7,4429.08
4/17/2013 1:30,-113.41,39.62,1439.04,-7,4429.08
4/17/2013 2:30,-113.41,39.62,1439.04,-7,4429.08
4/17/2013 3:30,-113.41,39.62,1439.04,-7,4429.07
4/17/2013 4:30,-113.41,39.62,1439.04,-7,4429.07
4/17/2013 5:30,-113.41,39.62,1439.04,-7,4429.06
4/17/2013 6:30,-113.41,39.62,1439.04,-7,4429.05
4/17/2013 7:30,-113.41,39.62,1439.04,-7,4429.03
4/17/2013 8:30,-113.41,39.62,1439.04,-7,4429.02
4/17/2013 9:30,-113.41,39.62,1439.04,-7,4429.03
4/17/2013 10:30,-113.41,39.62,1439.04,-7,4429.02
4/17/2013 11:30,-113.41,39.62,1439.04,-7,4429.03
4/17/2013 12:30,-113.41,39.62,1439.04,-7,4429.02
4/17/2013 13:30,-113.41,39.62,1439.04,-7,4429.02
4/17/2013 14:30,-113.41,39.62,1439.04,-7,4429.01
4/17/2013 15:30,-113.41,39.62,1439.04,-7,4429
4/17/2013 16:30,-113.41,39.62,1439.04,-7,4429.01
4/17/2013 17:30,-113.41,39.62,1439.04,-7,4429.01
4/17/2013 18:30,-113.41,39.62,1439.04,-7,4429.03
4/17/2013 19:30,-113.41,39.62,1439.04,-7,4429.04
4/17/2013 20:30,-113.41,39.62,1439.04,-7,4429.05
4/17/2013 21:30,-113.41,39.62,1439.04,-7,4429.06
4/17/2013 22:30,-113.41,39.62,1439.04,-7,4429.07
4/17/2013 23:30,-113.41,39.62,1439.04,-7,4429.08
4/18/2013 0:30,-113.41,39.62,1439.04,-7,4429.09
4/18/2013 1:30,-113.41,39.62,1439.04,-7,4429.1
4/18/2013 2:30,-113.41,39.62,1439.04,-7,4429.1
4/18/2013 3:30,-113.41,39.62,1439.04,-7,4429.1
4/18/2013 4:30,-113.41,39.62,1439.04,-7,4429.1
4/18/2013 5:30,-113.41,39.62,1439.04,-7,4429.09
4/18/2013 6:30,-113.41,39.62,1439.04,-7,4429.08
4/18/2013 7:30,-113.41,39.62,1439.04,-7,4429.05
4/18/2013 8:30,-113.41,39.62,1439.04,-7,4429.03
4/18/2013 9:30,-113.41,39.62,1439.04,-7,4429.02
4/18/2013 10:30,-113.41,39.62,1439.04,-7,4429.02
4/18/2013 11:30,-113.41,39.62,1439.04,-7,4429.02
4/18/2013 12:30,-113.41,39.62,1439.04,-7,4429.02
4/18/2013 13:30,-113.41,39.62,1439.04,-7,4429.02
4/18/2013 14:30,-113.41,39.62,1439.04,-7,4429.02
4/18/2013 15:30,-113.41,39.62,1439.04,-7,4429.02
4/18/2013 16:30,-113.41,39.62,1439.04,-7,4429.01
4/18/2013 17:30,-113.41,39.62,1439.04,-7,4429.01
4/18/2013 18:30,-113.41,39.62,1439.04,-7,4429.01
4/18/2013 19:30,-113.41,39.62,1439.04,-7,4429.03
4/18/2013 20:30,-113.41,39.62,1439.04,-7,4429.05
4/18/2013 21:30,-113.41,39.62,1439.04,-7,4429.07
4/18/2013 22:30,-113.41,39.62,1439.04,-7,4429.08
4/18/2013 23:30,-113.41,39.62,1439.04,-7,4429.09
4/19/2013 0:30,-113.41,39.62,1439.04,-7,4429.1
4/19/2013 1:30,-113.41,39.62,1439.04,-7,4429.11
4/19/2013 2:30,-113.41,39.62,1439.04,-7,4429.11
4/19/2013 3:30,-113.41,39.62,1439.04,-7,4429.1
4/19/2013 4:30,-113.41,39.62,1439.04,-7,4429.1
4/19/2013 5:30,-113.41,39.62,1439.04,-7,4429.09
4/19/2013 6:30,-113.41,39.62,1439.04,-7,4429.07
4/19/2013 7:30,-113.41,39.62,1439.04,-7,4429.05
4/19/2013 8:30,-113.41,39.62,1439.04,-7,4429.04
4/19/2013 9:30,-113.41,39.62,1439.04,-7,4429.04
4/19/2013 10:30,-113.41,39.62,1439.04,-7,4429.04
4/19/2013 11:30,-113.41,39.62,1439.04,-7,4429.05
4/19/2013 12:30,-113.41,39.62,1439.04,-7,4429.06
4/19/2013 13:30,-113.41,39.62,1439.04,-7,4429.06
4/19/2013 14:30,-113.41,39.62,1439.04,-7,4429.06
4/19/2013 15:30,-113.41,39.62,1439.04,-7,4429.06
4/19/2013 16:30,-113.41,39.62,1439.04,-7,4429.05
4/19/2013 17:30,-113.41,39.62,1439.04,-7,4429.04
4/19/2013 18:30,-113.41,39.62,1439.04,-7,4429.04
4/19/2013 19:30,-113.41,39.62,1439.04,-7,4429.03
4/19/2013 20:30,-113.41,39.62,1439.04,-7,4429.03
4/19/2013 21:30,-113.41,39.62,1439.04,-7,4429.03
4/19/2013 22:30,-113.41,39.62,1439.04,-7,4429.03
4/19/2013 23:30,-113.41,39.62,1439.04,-7,4429.04
4/20/2013 0:30,-113.41,39.62,1439.04,-7,4429.07
4/20/2013 1:30,-113.41,39.62,1439.04,-7,4429.08
4/20/2013 2:30,-113.41,39.62,1439.04,-7,4429.08
4/20/2013 3:30,-113.41,39.62,1439.04,-7,4429.09
4/20/2013 4:30,-113.41,39.62,1439.04,-7,4429.08
4/20/2013 5:30,-113.41,39.62,1439.04,-7,4429.06
4/20/2013 6:30,-113.41,39.62,1439.04,-7,4429.05
4/20/2013 7:30,-113.41,39.62,1439.04,-7,4429.03
4/20/2013 8:30,-113.41,39.62,1439.04,-7,4429.01
4/20/2013 9:30,-113.41,39.62,1439.04,-7,4429
4/20/2013 10:30,-113.41,39.62,1439.04,-7,4429.01
4/20/2013 11:30,-113.41,39.62,1439.04,-7,4429.02
4/20/2013 12:30,-113.41,39.62,1439.04,-7,4429.03
4/20/2013 13:30,-113.41,39.62,1439.04,-7,4429.04
4/20/2013 14:30,-113.41,39.62,1439.04,-7,4429.05
4/20/2013 15:30,-113.41,39.62,1439.04,-7,4429.05
4/20/2013 16:30,-113.41,39.62,1439.04,-7,4429.04
4/20/2013 17:30,-113.41,39.62,1439.04,-7,4429.03
4/20/2013 18:30,-113.41,39.62,1439.04,-7,4429.01
4/20/2013 19:30,-113.41,39.62,1439.04,-7,4429.01
4/20/2013 20:30,-113.41,39.62,1439.04,-7,4429.02
4/20/2013 21:30,-113.41,39.62,1439.04,-7,4429.03
4/20/2013 22:30,-113.41,39.62,1439.04,-7,4429.05
4/20/2013 23:30,-113.41,39.62,1439.04,-7,4429.06
4/21/2013 0:30,-113.41,39.62,1439.04,-7,4429.08
4/21/2013 1:30,-113.41,39.62,1439.04,-7,4429.09
4/21/2013 2:30,-113.41,39.62,1439.04,-7,4429.1
4/21/2013 3:30,-113.41,39.62,1439.04,-7,4429.11
4/21/2013 4:30,-113.41,39.62,1439.04,-7,4429.1
4/21/2013 5:30,-113.41,39.62,1439.04,-7,4429.09
4/21/2013 6:30,-113.41,39.62,1439.04,-7,4429.07
4/21/2013 7:30,-113.41,39.62,1439.04,-7,4429.03
4/21/2013 8:30,-113.41,39.62,1439.04,-7,4429
4/21/2013 9:30,-113.41,39.62,1439.04,-7,4429
4/21/2013 10:30,-113.41,39.62,1439.04,-7,4429.01
4/21/2013 11:30,-113.41,39.62,1439.04,-7,4429.03
4/21/2013 12:30,-113.41,39.62,1439.04,-7,4429.05
4/21/2013 13:30,-113.41,39.62,1439.04,-7,4429.07
4/21/2013 14:30,-113.41,39.62,1439.04,-7,4429.07
4/21/2013 15:30,-113.41,39.62,1439.04,-7,4429.08
4/21/2013 16:30,-113.41,39.62,1439.04,-7,4429.07
4/21/2013 17:30,-113.41,39.62,1439.04,-7,4429.06
4/21/2013 18:30,-113.41,39.62,1439.04,-7,4429.04
4/21/2013 19:30,-113.41,39.62,1439.04,-7,4429.03
4/21/2013 20:30,-113.41,39.62,1439.04,-7,4429.01
4/21/2013 21:30,-113.41,39.62,1439.04,-7,4429.02
4/21/2013 22:30,-113.41,39.62,1439.04,-7,4429.02
4/21/2013 23:30,-113.41,39.62,1439.04,-7,4429.03
4/22/2013 0:30,-113.41,39.62,1439.04,-7,4429.06
4/22/2013 1:30,-113.41,39.62,1439.04,-7,4429.07
4/22/2013 2:30,-113.41,39.62,1439.04,-7,4429.1
4/22/2013 3:30,-113.41,39.62,1439.04,-7,4429.1
4/22/2013 4:30,-113.41,39.62,1439.04,-7,4429.1
4/22/2013 5:30,-113.41,39.62,1439.04,-7,4429.08
4/22/2013 6:30,-113.41,39.62,1439.04,-7,4429.05
4/22/2013 7:30,-113.41,39.62,1439.04,-7,4429.01
4/22/2013 8:30,-113.41,39.62,1439.04,-7,4428.98
4/22/2013 9:30,-113.41,39.62,1439.04,-7,4428.98
4/22/2013 10:30,-113.41,39.62,1439.04,-7,4428.98
4/22/2013 11:30,-113.41,39.62,1439.04,-7,4429
4/22/2013 12:30,-113.41,39.62,1439.04,-7,4429.03
4/22/2013 13:30,-113.41,39.62,1439.04,-7,4429.05
4/22/2013 14:30,-113.41,39.62,1439.04,-7,4429.06
4/22/2013 15:30,-113.41,39.62,1439.04,-7,4429.07
4/22/2013 16:30,-113.41,39.62,1439.04,-7,4429.06
4/22/2013 17:30,-113.41,39.62,1439.04,-7,4429.05
4/22/2013 18:30,-113.41,39.62,1439.04,-7,4429.05
4/22/2013 19:30,-113.41,39.62,1439.04,-7,4429.04
4/22/2013 20:30,-113.41,39.62,1439.04,-7,4429.02
4/22/2013 21:30,-113.41,39.62,1439.04,-7,4429.02
4/22/2013 22:30,-113.41,39.62,1439.04,-7,4429.03
4/22/2013 23:30,-113.41,39.62,1439.04,-7,4429.04
4/23/2013 0:30,-113.41,39.62,1439.04,-7,4429.05
4/23/2013 1:30,-113.41,39.62,1439.04,-7,4429.07
4/23/2013 2:30,-113.41,39.62,1439.04,-7,4429.09
4/23/2013 3:30,-113.41,39.62,1439.04,-7,4429.1
4/23/2013 4:30,-113.41,39.62,1439.04,-7,4429.1
4/23/2013 5:30,-113.41,39.62,1439.04,-7,4429.09
4/23/2013 6:30,-113.41,39.62,1439.04,-7,4429.06
4/23/2013 7:30,-113.41,39.62,1439.04,-7,4429.02
4/23/2013 8:30,-113.41,39.62,1439.04,-7,4428.99
4/23/2013 9:30,-113.41,39.62,1439.04,-7,4428.98
4/23/2013 10:30,-113.41,39.62,1439.04,-7,4428.98
4/23/2013 11:30,-113.41,39.62,1439.04,-7,4428.99
4/23/2013 12:30,-113.41,39.62,1439.04,-7,4429.01
4/23/2013 13:30,-113.41,39.62,1439.04,-7,4429.04
4/23/2013 14:30,-113.41,39.62,1439.04,-7,4429.06
4/23/2013 15:30,-113.41,39.62,1439.04,-7,4429.08
4/23/2013 16:30,-113.41,39.62,1439.04,-7,4429.09
4/23/2013 17:30,-113.41,39.62,1439.04,-7,4429.08
4/23/2013 18:30,-113.41,39.62,1439.04,-7,4429.08
4/23/2013 19:30,-113.41,39.62,1439.04,-7,4429.07
4/23/2013 20:30,-113.41,39.62,1439.04,-7,4429.05
4/23/2013 21:30,-113.41,39.62,1439.04,-7,4429.05
4/23/2013 22:30,-113.41,39.62,1439.04,-7,4429.05
4/23/2013 23:30,-113.41,39.62,1439.04,-7,4429.05
4/24/2013 0:30,-113.41,39.62,1439.04,-7,4429.06
4/24/2013 1:30,-113.41,39.62,1439.04,-7,4429.08
4/24/2013 2:30,-113.41,39.62,1439.04,-7,4429.09
4/24/2013 3:30,-113.41,39.62,1439.04,-7,4429.1
4/24/2013 4:30,-113.41,39.62,1439.04,-7,4429.1
4/24/2013 5:30,-113.41,39.62,1439.04,-7,4429.09
4/24/2013 6:30,-113.41,39.62,1439.04,-7,4429.06
4/24/2013 7:30,-113.41,39.62,1439.04,-7,4429.02
4/24/2013 8:30,-113.41,39.62,1439.04,-7,4428.98
4/24/2013 9:30,-113.41,39.62,1439.04,-7,4428.96
4/24/2013 10:30,-113.41,39.62,1439.04,-7,4428.95
4/24/2013 11:30,-113.41,39.62,1439.04,-7,4428.97
4/24/2013 12:30,-113.41,39.62,1439.04,-7,4429
4/24/2013 13:30,-113.41,39.62,1439.04,-7,4429.03
4/24/2013 14:30,-113.41,39.62,1439.04,-7,4429.05
4/24/2013 15:30,-113.41,39.62,1439.04,-7,4429.07
4/24/2013 16:30,-113.41,39.62,1439.04,-7,4429.09
4/24/2013 17:30,-113.41,39.62,1439.04,-7,4429.09
4/24/2013 18:30,-113.41,39.62,1439.04,-7,4429.09
4/24/2013 19:30,-113.41,39.62,1439.04,-7,4429.08
4/24/2013 20:30,-113.41,39.62,1439.04,-7,4429.07
4/24/2013 21:30,-113.41,39.62,1439.04,-7,4429.06
4/24/2013 22:30,-113.41,39.62,1439.04,-7,4429.06
4/24/2013 23:30,-113.41,39.62,1439.04,-7,4429.06
4/25/2013 0:30,-113.41,39.62,1439.04,-7,4429.08
4/25/2013 1:30,-113.41,39.62,1439.04,-7,4429.09
4/25/2013 2:30,-113.41,39.62,1439.04,-7,4429.11
4/25/2013 3:30,-113.41,39.62,1439.04,-7,4429.12
4/25/2013 4:30,-113.41,39.62,1439.04,-7,4429.12
4/25/2013 5:30,-113.41,39.62,1439.04,-7,4429.12
4/25/2013 6:30,-113.41,39.62,1439.04,-7,4429.1
4/25/2013 7:30,-113.41,39.62,1439.04,-7,4429.04
4/25/2013 8:30,-113.41,39.62,1439.04,-7,4429
4/25/2013 9:30,-113.41,39.62,1439.04,-7,4428.98
4/25/2013 10:30,-113.41,39.62,1439.04,-7,4428.97
4/25/2013 11:30,-113.41,39.62,1439.04,-7,4428.97
4/25/2013 12:30,-113.41,39.62,1439.04,-7,4428.99
4/25/2013 13:30,-113.41,39.62,1439.04,-7,4429
4/25/2013 14:30,-113.41,39.62,1439.04,-7,4429.02
4/25/2013 15:30,-113.41,39.62,1439.04,-7,4429.04
4/25/2013 16:30,-113.41,39.62,1439.04,-7,4429.06
4/25/2013 17:30,-113.41,39.62,1439.04,-7,4429.07
4/25/2013 18:30,-113.41,39.62,1439.04,-7,4429.07
4/25/2013 19:30,-113.41,39.62,1439.04,-7,4429.06
4/25/2013 20:30,-113.41,39.62,1439.04,-7,4429.05
4/25/2013 21:30,-113.41,39.62,1439.04,-7,4429.05
4/25/2013 22:30,-113.41,39.62,1439.04,-7,4429.05
4/25/2013 23:30,-113.41,39.62,1439.04,-7,4429.05
4/26/2013 0:30,-113.41,39.62,1439.04,-7,4429.06
4/26/2013 1:30,-113.41,39.62,1439.04,-7,4429.07
4/26/2013 2:30,-113.41,39.62,1439.04,-7,4429.08
4/26/2013 3:30,-113.41,39.62,1439.04,-7,4429.08
4/26/2013 4:30,-113.41,39.62,1439.04,-7,4429.09
4/26/2013 5:30,-113.41,39.62,1439.04,-7,4429.1
4/26/2013 6:30,-113.41,39.62,1439.04,-7,4429.08
4/26/2013 7:30,-113.41,39.62,1439.04,-7,4429.03
4/26/2013 8:30,-113.41,39.62,1439.04,-7,4428.99
4/26/2013 9:30,-113.41,39.62,1439.04,-7,4428.97
4/26/2013 10:30,-113.41,39.62,1439.04,-7,4428.96
4/26/2013 11:30,-113.41,39.62,1439.04,-7,4428.96
4/26/2013 12:30,-113.41,39.62,1439.04,-7,4428.96
4/26/2013 13:30,-113.41,39.62,1439.04,-7,4428.98
4/26/2013 14:30,-113.41,39.62,1439.04,-7,4429
4/26/2013 15:30,-113.41,39.62,1439.04,-7,4429.02
4/26/2013 16:30,-113.41,39.62,1439.04,-7,4429.05
4/26/2013 17:30,-113.41,39.62,1439.04,-7,4429.07
4/26/2013 18:30,-113.41,39.62,1439.04,-7,4429.07
4/26/2013 19:30,-113.41,39.62,1439.04,-7,4429.08
4/26/2013 20:30,-113.41,39.62,1439.04,-7,4429.08
4/26/2013 21:30,-113.41,39.62,1439.04,-7,4429.07
4/26/2013 22:30,-113.41,39.62,1439.04,-7,4429.06
4/26/2013 23:30,-113.41,39.62,1439.04,-7,4429.06
4/27/2013 0:30,-113.41,39.62,1439.04,-7,4429.06
4/27/2013 1:30,-113.41,39.62,1439.04,-7,4429.07
4/27/2013 2:30,-113.41,39.62,1439.04,-7,4429.08
4/27/2013 3:30,-113.41,39.62,1439.04,-7,4429.09
4/27/2013 4:30,-113.41,39.62,1439.04,-7,4429.1
4/27/2013 5:30,-113.41,39.62,1439.04,-7,4429.1
4/27/2013 6:30,-113.41,39.62,1439.04,-7,4429.09
4/27/2013 7:30,-113.41,39.62,1439.04,-7,4429.05
4/27/2013 8:30,-113.41,39.62,1439.04,-7,4429.03
4/27/2013 9:30,-113.41,39.62,1439.04,-7,4429.01
4/27/2013 10:30,-113.41,39.62,1439.04,-7,4428.99
4/27/2013 11:30,-113.41,39.62,1439.04,-7,4428.98
4/27/2013 12:30,-113.41,39.62,1439.04,-7,4428.98
4/27/2013 13:30,-113.41,39.62,1439.04,-7,4428.99
4/27/2013 14:30,-113.41,39.62,1439.04,-7,4429
4/27/2013 15:30,-113.41,39.62,1439.04,-7,4429.02
4/27/2013 16:30,-113.41,39.62,1439.04,-7,4429.05
4/27/2013 17:30,-113.41,39.62,1439.04,-7,4429.07
4/27/2013 18:30,-113.41,39.62,1439.04,-7,4429.08
4/27/2013 19:30,-113.41,39.62,1439.04,-7,4429.09
4/27/2013 20:30,-113.41,39.62,1439.04,-7,4429.09
4/27/2013 21:30,-113.41,39.62,1439.04,-7,4429.09
4/27/2013 22:30,-113.41,39.62,1439.04,-7,4429.08
4/27/2013 23:30,-113.41,39.62,1439.04,-7,4429.08
4/28/2013 0:30,-113.41,39.62,1439.04,-7,4429.08
4/28/2013 1:30,-113.41,39.62,1439.04,-7,4429.08
4/28/2013 2:30,-113.41,39.62,1439.04,-7,4429.08
4/28/2013 3:30,-113.41,39.62,1439.04,-7,4429.09
4/28/2013 4:30,-113.41,39.62,1439.04,-7,4429.1
4/28/2013 5:30,-113.41,39.62,1439.04,-7,4429.1
4/28/2013 6:30,-113.41,39.62,1439.04,-7,4429.08
4/28/2013 7:30,-113.41,39.62,1439.04,-7,4429.06
4/28/2013 8:30,-113.41,39.62,1439.04,-7,4429.05
4/28/2013 9:30,-113.41,39.62,1439.04,-7,4429.03
4/28/2013 10:30,-113.41,39.62,1439.04,-7,4429.01
4/28/2013 11:30,-113.41,39.62,1439.04,-7,4429
4/28/2013 12:30,-113.41,39.62,1439.04,-7,4429
4/28/2013 13:30,-113.41,39.62,1439.04,-7,4429
4/28/2013 14:30,-113.41,39.62,1439.04,-7,4429
4/28/2013 15:30,-113.41,39.62,1439.04,-7,4429.02
4/28/2013 16:30,-113.41,39.62,1439.04,-7,4429.03
4/28/2013 17:30,-113.41,39.62,1439.04,-7,4429.05
4/28/2013 18:30,-113.41,39.62,1439.04,-7,4429.06
4/28/2013 19:30,-113.41,39.62,1439.04,-7,4429.06
4/28/2013 20:30,-113.41,39.62,1439.04,-7,4429.06
4/28/2013 21:30,-113.41,39.62,1439.04,-7,4429.07
4/28/2013 22:30,-113.41,39.62,1439.04,-7,4429.07
4/28/2013 23:30,-113.41,39.62,1439.04,-7,4429.06
4/29/2013 0:30,-113.41,39.62,1439.04,-7,4429.05
4/29/2013 1:30,-113.41,39.62,1439.04,-7,4429.05
4/29/2013 2:30,-113.41,39.62,1439.04,-7,4429.05
4/29/2013 3:30,-113.41,39.62,1439.04,-7,4429.07
4/29/2013 4:30,-113.41,39.62,1439.04,-7,4429.07
4/29/2013 5:30,-113.41,39.62,1439.04,-7,4429.08
4/29/2013 6:30,-113.41,39.62,1439.04,-7,4429.07
4/29/2013 7:30,-113.41,39.62,1439.04,-7,4429.05
4/29/2013 8:30,-113.41,39.62,1439.04,-7,4429.04
4/29/2013 9:30,-113.41,39.62,1439.04,-7,4429.03
4/29/2013 10:30,-113.41,39.62,1439.04,-7,4429.03
4/29/2013 11:30,-113.41,39.62,1439.04,-7,4429.03
4/29/2013 12:30,-113.41,39.62,1439.04,-7,4429.03
4/29/2013 13:30,-113.41,39.62,1439.04,-7,4429.02
4/29/2013 14:30,-113.41,39.62,1439.04,-7,4429.03
4/29/2013 15:30,-113.41,39.62,1439.04,-7,4429.03
4/29/2013 16:30,-113.41,39.62,1439.04,-7,4429.03
4/29/2013 17:30,-113.41,39.62,1439.04,-7,4429.04
4/29/2013 18:30,-113.41,39.62,1439.04,-7,4429.05
4/29/2013 19:30,-113.41,39.62,1439.04,-7,4429.05
4/29/2013 20:30,-113.41,39.62,1439.04,-7,4429.05
4/29/2013 21:30,-113.41,39.62,1439.04,-7,4429.06
4/29/2013 22:30,-113.41,39.62,1439.04,-7,4429.06
4/29/2013 23:30,-113.41,39.62,1439.04,-7,4429.06
4/30/2013 0:30,-113.41,39.62,1439.04,-7,4429.05
4/30/2013 1:30,-113.41,39.62,1439.04,-7,4429.04
4/30/2013 2:30,-113.41,39.62,1439.04,-7,4429.05
4/30/2013 3:30,-113.41,39.62,1439.04,-7,4429.04
4/30/2013 4:30,-113.41,39.62,1439.04,-7,4429.05
4/30/2013 5:30,-113.41,39.62,1439.04,-7,4429.05
4/30/2013 6:30,-113.41,39.62,1439.04,-7,4429.05
4/30/2013 7:30,-113.41,39.62,1439.04,-7,4429.04
4/30/2013 8:30,-113.41,39.62,1439.04,-7,4429.02
4/30/2013 9:30,-113.41,39.62,1439.04,-7,4429.01
4/30/2013 10:30,-113.41,39.62,1439.04,-7,4429.01
4/30/2013 11:30,-113.41,39.62,1439.04,-7,4429.01
4/30/2013 12:30,-113.41,39.62,1439.04,-7,4429.01
4/30/2013 13:30,-113.41,39.62,1439.04,-7,4429
4/30/2013 14:30,-113.41,39.62,1439.04,-7,4428.99
4/30/2013 15:30,-113.41,39.62,1439.04,-7,4428.99
4/30/2013 16:30,-113.41,39.62,1439.04,-7,4428.99
4/30/2013 17:30,-113.41,39.62,1439.04,-7,4428.99
4/30/2013 18:30,-113.41,39.62,1439.04,-7,4429
4/30/2013 19:30,-113.41,39.62,1439.04,-7,4429.01
4/30/2013 20:30,-113.41,39.62,1439.04,-7,4429.01
4/30/2013 21:30,-113.41,39.62,1439.04,-7,4429.02
4/30/2013 22:30,-113.41,39.62,1439.04,-7,4429.03
4/30/2013 23:30,-113.41,39.62,1439.04,-7,4429.04
5/1/2013 0:30,-113.41,39.62,1439.04,-7,4429.04
5/1/2013 1:30,-113.41,39.62,1439.04,-7,4429.05
5/1/2013 2:30,-113.41,39.62,1439.04,-7,4429.05
5/1/2013 3:30,-113.41,39.62,1439.04,-7,4429.04
5/1/2013 4:30,-113.41,39.62,1439.04,-7,4429.04
5/1/2013 5:30,-113.41,39.62,1439.04,-7,4429.04
5/1/2013 6:30,-113.41,39.62,1439.04,-7,4429.03
5/1/2013 7:30,-113.41,39.62,1439.04,-7,4429.02
5/1/2013 8:30,-113.41,39.62,1439.04,-7,4429.01
5/1/2013 9:30,-113.41,39.62,1439.04,-7,4429.01
5/1/2013 10:30,-113.41,39.62,1439.04,-7,4429.01
5/1/2013 11:30,-113.41,39.62,1439.04,-7,4429.01
5/1/2013 12:30,-113.41,39.62,1439.04,-7,4429
5/1/2013 13:30,-113.41,39.62,1439.04,-7,4429
5/1/2013 14:30,-113.41,39.62,1439.04,-7,4429
5/1/2013 15:30,-113.41,39.62,1439.04,-7,4429
5/1/2013 16:30,-113.41,39.62,1439.04,-7,4429
5/1/2013 17:30,-113.41,39.62,1439.04,-7,4429.01
5/1/2013 18:30,-113.41,39.62,1439.04,-7,4429.02
5/1/2013 19:30,-113.41,39.62,1439.04,-7,4429.03
5/1/2013 20:30,-113.41,39.62,1439.04,-7,4429.04
5/1/2013 21:30,-113.41,39.62,1439.04,-7,4429.05
5/1/2013 22:30,-113.41,39.62,1439.04,-7,4429.07
5/1/2013 23:30,-113.41,39.62,1439.04,-7,4429.08
5/2/2013 0:30,-113.41,39.62,1439.04,-7,4429.09
5/2/2013 1:30,-113.41,39.62,1439.04,-7,4429.1
5/2/2013 2:30,-113.41,39.62,1439.04,-7,4429.1
5/2/2013 3:30,-113.41,39.62,1439.04,-7,4429.1
5/2/2013 4:30,-113.41,39.62,1439.04,-7,4429.09
5/2/2013 5:30,-113.41,39.62,1439.04,-7,4429.08
5/2/2013 6:30,-113.41,39.62,1439.04,-7,4429.06
5/2/2013 7:30,-113.41,39.62,1439.04,-7,4429.04
5/2/2013 8:30,-113.41,39.62,1439.04,-7,4429.03
5/2/2013 9:30,-113.41,39.62,1439.04,-7,4429.03
5/2/2013 10:30,-113.41,39.62,1439.04,-7,4429.04
5/2/2013 11:30,-113.41,39.62,1439.04,-7,4429.04
5/2/2013 12:30,-113.41,39.62,1439.04,-7,4429.05
5/2/2013 13:30,-113.41,39.62,1439.04,-7,4429.05
5/2/2013 14:30,-113.41,39.62,1439.04,-7,4429.05
5/2/2013 15:30,-113.41,39.62,1439.04,-7,4429.05
5/2/2013 16:30,-113.41,39.62,1439.04,-7,4429.04
5/2/2013 17:30,-113.41,39.62,1439.04,-7,4429.04
5/2/2013 18:30,-113.41,39.62,1439.04,-7,4429.04
5/2/2013 19:30,-113.41,39.62,1439.04,-7,4429.04
5/2/2013 20:30,-113.41,39.62,1439.04,-7,4429.05
5/2/2013 21:30,-113.41,39.62,1439.04,-7,4429.07
5/2/2013 22:30,-113.41,39.62,1439.04,-7,4429.1
5/2/2013 23:30,-113.41,39.62,1439.04,-7,4429.11
5/3/2013 0:30,-113.41,39.62,1439.04,-7,4429.12
5/3/2013 1:30,-113.41,39.62,1439.04,-7,4429.13
5/3/2013 2:30,-113.41,39.62,1439.04,-7,4429.13
5/3/2013 3:30,-113.41,39.62,1439.04,-7,4429.13
5/3/2013 4:30,-113.41,39.62,1439.04,-7,4429.12
5/3/2013 5:30,-113.41,39.62,1439.04,-7,4429.11
5/3/2013 6:30,-113.41,39.62,1439.04,-7,4429.09
5/3/2013 7:30,-113.41,39.62,1439.04,-7,4429.05
5/3/2013 8:30,-113.41,39.62,1439.04,-7,4429.04
5/3/2013 9:30,-113.41,39.62,1439.04,-7,4429.05
5/3/2013 10:30,-113.41,39.62,1439.04,-7,4429.06
5/3/2013 11:30,-113.41,39.62,1439.04,-7,4429.07
5/3/2013 12:30,-113.41,39.62,1439.04,-7,4429.08
5/3/2013 13:30,-113.41,39.62,1439.04,-7,4429.08
5/3/2013 14:30,-113.41,39.62,1439.04,-7,4429.08
5/3/2013 15:30,-113.41,39.62,1439.04,-7,4429.07
5/3/2013 16:30,-113.41,39.62,1439.04,-7,4429.06
5/3/2013 17:30,-113.41,39.62,1439.04,-7,4429.04
5/3/2013 18:30,-113.41,39.62,1439.04,-7,4429.03
5/3/2013 19:30,-113.41,39.62,1439.04,-7,4429.02
5/3/2013 20:30,-113.41,39.62,1439.04,-7,4429.02
5/3/2013 21:30,-113.41,39.62,1439.04,-7,4429.03
5/3/2013 22:30,-113.41,39.62,1439.04,-7,4429.05
5/3/2013 23:30,-113.41,39.62,1439.04,-7,4429.06
5/4/2013 0:30,-113.41,39.62,1439.04,-7,4429.08
5/4/2013 1:30,-113.41,39.62,1439.04,-7,4429.09
5/4/2013 2:30,-113.41,39.62,1439.04,-7,4429.1
5/4/2013 3:30,-113.41,39.62,1439.04,-7,4429.09
5/4/2013 4:30,-113.41,39.62,1439.04,-7,4429.08
5/4/2013 5:30,-113.41,39.62,1439.04,-7,4429.07
5/4/2013 6:30,-113.41,39.62,1439.04,-7,4429.05
5/4/2013 7:30,-113.41,39.62,1439.04,-7,4429.02
5/4/2013 8:30,-113.41,39.62,1439.04,-7,4429.01
5/4/2013 9:30,-113.41,39.62,1439.04,-7,4429.01
5/4/2013 10:30,-113.41,39.62,1439.04,-7,4429.01
5/4/2013 11:30,-113.41,39.62,1439.04,-7,4429.03
5/4/2013 12:30,-113.41,39.62,1439.04,-7,4429.04
5/4/2013 13:30,-113.41,39.62,1439.04,-7,4429.05
5/4/2013 14:30,-113.41,39.62,1439.04,-7,4429.05
5/4/2013 15:30,-113.41,39.62,1439.04,-7,4429.05
5/4/2013 16:30,-113.41,39.62,1439.04,-7,4429.05
5/4/2013 17:30,-113.41,39.62,1439.04,-7,4429.04
5/4/2013 18:30,-113.41,39.62,1439.04,-7,4429.03
5/4/2013 19:30,-113.41,39.62,1439.04,-7,4429.02
5/4/2013 20:30,-113.41,39.62,1439.04,-7,4429.02
5/4/2013 21:30,-113.41,39.62,1439.04,-7,4429.03
5/4/2013 22:30,-113.41,39.62,1439.04,-7,4429.04
5/4/2013 23:30,-113.41,39.62,1439.04,-7,4429.06
5/5/2013 0:30,-113.41,39.62,1439.04,-7,4429.07
5/5/2013 1:30,-113.41,39.62,1439.04,-7,4429.08
5/5/2013 2:30,-113.41,39.62,1439.04,-7,4429.08
5/5/2013 3:30,-113.41,39.62,1439.04,-7,4429.08
5/5/2013 4:30,-113.41,39.62,1439.04,-7,4429.07
5/5/2013 5:30,-113.41,39.62,1439.04,-7,4429.05
5/5/2013 6:30,-113.41,39.62,1439.04,-7,4429.03
5/5/2013 7:30,-113.41,39.62,1439.04,-7,4429
5/5/2013 8:30,-113.41,39.62,1439.04,-7,4428.98
5/5/2013 9:30,-113.41,39.62,1439.04,-7,4428.98
5/5/2013 10:30,-113.41,39.62,1439.04,-7,4428.99
5/5/2013 11:30,-113.41,39.62,1439.04,-7,4429.01
5/5/2013 12:30,-113.41,39.62,1439.04,-7,4429.03
5/5/2013 13:30,-113.41,39.62,1439.04,-7,4429.06
5/5/2013 14:30,-113.41,39.62,1439.04,-7,4429.07
5/5/2013 15:30,-113.41,39.62,1439.04,-7,4429.07
5/5/2013 16:30,-113.41,39.62,1439.04,-7,4429.07
5/5/2013 17:30,-113.41,39.62,1439.04,-7,4429.06
5/5/2013 18:30,-113.41,39.62,1439.04,-7,4429.04
5/5/2013 19:30,-113.41,39.62,1439.04,-7,4429.02
5/5/2013 20:30,-113.41,39.62,1439.04,-7,4429
5/5/2013 21:30,-113.41,39.62,1439.04,-7,4429
5/5/2013 22:30,-113.41,39.62,1439.04,-7,4429.01
5/5/2013 23:30,-113.41,39.62,1439.04,-7,4429.01
5/6/2013 0:30,-113.41,39.62,1439.04,-7,4429.03
5/6/2013 1:30,-113.41,39.62,1439.04,-7,4429.04
5/6/2013 2:30,-113.41,39.62,1439.04,-7,4429.06
5/6/2013 3:30,-113.41,39.62,1439.04,-7,4429.06
5/6/2013 4:30,-113.41,39.62,1439.04,-7,4429.05
5/6/2013 5:30,-113.41,39.62,1439.04,-7,4429.04
5/6/2013 6:30,-113.41,39.62,1439.04,-7,4429.03
5/6/2013 7:30,-113.41,39.62,1439.04,-7,4429
5/6/2013 8:30,-113.41,39.62,1439.04,-7,4428.98
5/6/2013 9:30,-113.41,39.62,1439.04,-7,4428.97
5/6/2013 10:30,-113.41,39.62,1439.04,-7,4428.98
5/6/2013 11:30,-113.41,39.62,1439.04,-7,4429
5/6/2013 12:30,-113.41,39.62,1439.04,-7,4429.03
5/6/2013 13:30,-113.41,39.62,1439.04,-7,4429.05
5/6/2013 14:30,-113.41,39.62,1439.04,-7,4429.06
5/6/2013 15:30,-113.41,39.62,1439.04,-7,4429.07
5/6/2013 16:30,-113.41,39.62,1439.04,-7,4429.07
5/6/2013 17:30,-113.41,39.62,1439.04,-7,4429.06
5/6/2013 18:30,-113.41,39.62,1439.04,-7,4429.05
5/6/2013 19:30,-113.41,39.62,1439.04,-7,4429.04
5/6/2013 20:30,-113.41,39.62,1439.04,-7,4429.02
5/6/2013 21:30,-113.41,39.62,1439.04,-7,4429.02
5/6/2013 22:30,-113.41,39.62,1439.04,-7,4429.02
5/6/2013 23:30,-113.41,39.62,1439.04,-7,4429.03
5/7/2013 0:30,-113.41,39.62,1439.04,-7,4429.05
5/7/2013 1:30,-113.41,39.62,1439.04,-7,4429.07
5/7/2013 2:30,-113.41,39.62,1439.04,-7,4429.08
5/7/2013 3:30,-113.41,39.62,1439.04,-7,4429.08
5/7/2013 4:30,-113.41,39.62,1439.04,-7,4429.08
5/7/2013 5:30,-113.41,39.62,1439.04,-7,4429.07
5/7/2013 6:30,-113.41,39.62,1439.04,-7,4429.04
5/7/2013 7:30,-113.41,39.62,1439.04,-7,4429.01
5/7/2013 8:30,-113.41,39.62,1439.04,-7,4428.99
5/7/2013 9:30,-113.41,39.62,1439.04,-7,4428.99
5/7/2013 10:30,-113.41,39.62,1439.04,-7,4429
5/7/2013 11:30,-113.41,39.62,1439.04,-7,4429.01
5/7/2013 12:30,-113.41,39.62,1439.04,-7,4429.02
5/7/2013 13:30,-113.41,39.62,1439.04,-7,4429.03
5/7/2013 14:30,-113.41,39.62,1439.04,-7,4429.05
5/7/2013 15:30,-113.41,39.62,1439.04,-7,4429.07
5/7/2013 16:30,-113.41,39.62,1439.04,-7,4429.06
5/7/2013 17:30,-113.41,39.62,1439.04,-7,4429.06
5/7/2013 18:30,-113.41,39.62,1439.04,-7,4429.05
5/7/2013 19:30,-113.41,39.62,1439.04,-7,4429.05
5/7/2013 20:30,-113.41,39.62,1439.04,-7,4429.03
5/7/2013 21:30,-113.41,39.62,1439.04,-7,4429.02
5/7/2013 22:30,-113.41,39.62,1439.04,-7,4429.02
5/7/2013 23:30,-113.41,39.62,1439.04,-7,4429.03
5/8/2013 0:30,-113.41,39.62,1439.04,-7,4429.05
5/8/2013 1:30,-113.41,39.62,1439.04,-7,4429.07
5/8/2013 2:30,-113.41,39.62,1439.04,-7,4429.08
5/8/2013 3:30,-113.41,39.62,1439.04,-7,4429.08
5/8/2013 4:30,-113.41,39.62,1439.04,-7,4429.08
5/8/2013 5:30,-113.41,39.62,1439.04,-7,4429.07
5/8/2013 6:30,-113.41,39.62,1439.04,-7,4429.05
5/8/2013 7:30,-113.41,39.62,1439.04,-7,4429.03
5/8/2013 8:30,-113.41,39.62,1439.04,-7,4429
5/8/2013 9:30,-113.41,39.62,1439.04,-7,4428.97
5/8/2013 10:30,-113.41,39.62,1439.04,-7,4428.96
5/8/2013 11:30,-113.41,39.62,1439.04,-7,4428.97
5/8/2013 12:30,-113.41,39.62,1439.04,-7,4428.99
5/8/2013 13:30,-113.41,39.62,1439.04,-7,4429.01
5/8/2013 14:30,-113.41,39.62,1439.04,-7,4429.03
5/8/2013 15:30,-113.41,39.62,1439.04,-7,4429.05
5/8/2013 16:30,-113.41,39.62,1439.04,-7,4429.06
5/8/2013 17:30,-113.41,39.62,1439.04,-7,4429.06
5/8/2013 18:30,-113.41,39.62,1439.04,-7,4429.05
5/8/2013 19:30,-113.41,39.62,1439.04,-7,4429.04
5/8/2013 20:30,-113.41,39.62,1439.04,-7,4429.04
5/8/2013 21:30,-113.41,39.62,1439.04,-7,4429.03
5/8/2013 22:30,-113.41,39.62,1439.04,-7,4429.03
5/8/2013 23:30,-113.41,39.62,1439.04,-7,4429.03
5/9/2013 0:30,-113.41,39.62,1439.04,-7,4429.03
5/9/2013 1:30,-113.41,39.62,1439.04,-7,4429.05
5/9/2013 2:30,-113.41,39.62,1439.04,-7,4429.06
5/9/2013 3:30,-113.41,39.62,1439.04,-7,4429.07
5/9/2013 4:30,-113.41,39.62,1439.04,-7,4429.08
5/9/2013 5:30,-113.41,39.62,1439.04,-7,4429.07
5/9/2013 6:30,-113.41,39.62,1439.04,-7,4429.05
5/9/2013 7:30,-113.41,39.62,1439.04,-7,4429.01
5/9/2013 8:30,-113.41,39.62,1439.04,-7,4428.99
5/9/2013 9:30,-113.41,39.62,1439.04,-7,4428.98
5/9/2013 10:30,-113.41,39.62,1439.04,-7,4428.97
5/9/2013 11:30,-113.41,39.62,1439.04,-7,4428.97
5/9/2013 12:30,-113.41,39.62,1439.04,-7,4428.99
5/9/2013 13:30,-113.41,39.62,1439.04,-7,4429
5/9/2013 14:30,-113.41,39.62,1439.04,-7,4429.02
5/9/2013 15:30,-113.41,39.62,1439.04,-7,4429.05
5/9/2013 16:30,-113.41,39.62,1439.04,-7,4429.07
5/9/2013 17:30,-113.41,39.62,1439.04,-7,4429.07
5/9/2013 18:30,-113.41,39.62,1439.04,-7,4429.07
5/9/2013 19:30,-113.41,39.62,1439.04,-7,4429.06
5/9/2013 20:30,-113.41,39.62,1439.04,-7,4429.05
5/9/2013 21:30,-113.41,39.62,1439.04,-7,4429.04
5/9/2013 22:30,-113.41,39.62,1439.04,-7,4429.04
5/9/2013 23:30,-113.41,39.62,1439.04,-7,4429.04
5/10/2013 0:30,-113.41,39.62,1439.04,-7,4429.05
5/10/2013 1:30,-113.41,39.62,1439.04,-7,4429.06
5/10/2013 2:30,-113.41,39.62,1439.04,-7,4429.06
5/10/2013 3:30,-113.41,39.62,1439.04,-7,4429.07
5/10/2013 4:30,-113.41,39.62,1439.04,-7,4429.07
5/10/2013 5:30,-113.41,39.62,1439.04,-7,4429.07
5/10/2013 6:30,-113.41,39.62,1439.04,-7,4429.05
5/10/2013 7:30,-113.41,39.62,1439.04,-7,4429.02
5/10/2013 8:30,-113.41,39.62,1439.04,-7,4428.99
5/10/2013 9:30,-113.41,39.62,1439.04,-7,4428.98
5/10/2013 10:30,-113.41,39.62,1439.04,-7,4428.97
5/10/2013 11:30,-113.41,39.62,1439.04,-7,4428.97
5/10/2013 12:30,-113.41,39.62,1439.04,-7,4428.98
5/10/2013 13:30,-113.41,39.62,1439.04,-7,4429
5/10/2013 14:30,-113.41,39.62,1439.04,-7,4429.02
5/10/2013 15:30,-113.41,39.62,1439.04,-7,4429.04
5/10/2013 16:30,-113.41,39.62,1439.04,-7,4429.06
5/10/2013 17:30,-113.41,39.62,1439.04,-7,4429.07
5/10/2013 18:30,-113.41,39.62,1439.04,-7,4429.07
5/10/2013 19:30,-113.41,39.62,1439.04,-7,4429.06
5/10/2013 20:30,-113.41,39.62,1439.04,-7,4429.05
5/10/2013 21:30,-113.41,39.62,1439.04,-7,4429.04
5/10/2013 22:30,-113.41,39.62,1439.04,-7,4429.04
5/10/2013 23:30,-113.41,39.62,1439.04,-7,4429.04
5/11/2013 0:30,-113.41,39.62,1439.04,-7,4429.04
5/11/2013 1:30,-113.41,39.62,1439.04,-7,4429.05
5/11/2013 2:30,-113.41,39.62,1439.04,-7,4429.06
5/11/2013 3:30,-113.41,39.62,1439.04,-7,4429.07
5/11/2013 4:30,-113.41,39.62,1439.04,-7,4429.08
5/11/2013 5:30,-113.41,39.62,1439.04,-7,4429.08
5/11/2013 6:30,-113.41,39.62,1439.04,-7,4429.06
5/11/2013 7:30,-113.41,39.62,1439.04,-7,4429.03
5/11/2013 8:30,-113.41,39.62,1439.04,-7,4429.01
5/11/2013 9:30,-113.41,39.62,1439.04,-7,4429
5/11/2013 10:30,-113.41,39.62,1439.04,-7,4428.99
5/11/2013 11:30,-113.41,39.62,1439.04,-7,4428.99
5/11/2013 12:30,-113.41,39.62,1439.04,-7,4428.99
5/11/2013 13:30,-113.41,39.62,1439.04,-7,4429
5/11/2013 14:30,-113.41,39.62,1439.04,-7,4429.02
5/11/2013 15:30,-113.41,39.62,1439.04,-7,4429.04
5/11/2013 16:30,-113.41,39.62,1439.04,-7,4429.05
5/11/2013 17:30,-113.41,39.62,1439.04,-7,4429.06
5/11/2013 18:30,-113.41,39.62,1439.04,-7,4429.07
5/11/2013 19:30,-113.41,39.62,1439.04,-7,4429.07
5/11/2013 20:30,-113.41,39.62,1439.04,-7,4429.07
5/11/2013 21:30,-113.41,39.62,1439.04,-7,4429.07
5/11/2013 22:30,-113.41,39.62,1439.04,-7,4429.06
5/11/2013 23:30,-113.41,39.62,1439.04,-7,4429.06
5/12/2013 0:30,-113.41,39.62,1439.04,-7,4429.05
5/12/2013 1:30,-113.41,39.62,1439.04,-7,4429.06
5/12/2013 2:30,-113.41,39.62,1439.04,-7,4429.07
5/12/2013 3:30,-113.41,39.62,1439.04,-7,4429.08
5/12/2013 4:30,-113.41,39.62,1439.04,-7,4429.08
5/12/2013 5:30,-113.41,39.62,1439.04,-7,4429.07
5/12/2013 6:30,-113.41,39.62,1439.04,-7,4429.06
5/12/2013 7:30,-113.41,39.62,1439.04,-7,4429.04
5/12/2013 8:30,-113.41,39.62,1439.04,-7,4429.03
5/12/2013 9:30,-113.41,39.62,1439.04,-7,4429.02
5/12/2013 10:30,-113.41,39.62,1439.04,-7,4429.01
5/12/2013 11:30,-113.41,39.62,1439.04,-7,4429
5/12/2013 12:30,-113.41,39.62,1439.04,-7,4429
5/12/2013 13:30,-113.41,39.62,1439.04,-7,4429.01
5/12/2013 14:30,-113.41,39.62,1439.04,-7,4429.02
5/12/2013 15:30,-113.41,39.62,1439.04,-7,4429.03
5/12/2013 16:30,-113.41,39.62,1439.04,-7,4429.05
5/12/2013 17:30,-113.41,39.62,1439.04,-7,4429.06
5/12/2013 18:30,-113.41,39.62,1439.04,-7,4429.07
5/12/2013 19:30,-113.41,39.62,1439.04,-7,4429.07
5/12/2013 20:30,-113.41,39.62,1439.04,-7,4429.07
5/12/2013 21:30,-113.41,39.62,1439.04,-7,4429.07
5/12/2013 22:30,-113.41,39.62,1439.04,-7,4429.06
5/12/2013 23:30,-113.41,39.62,1439.04,-7,4429.05
5/13/2013 0:30,-113.41,39.62,1439.04,-7,4429.05
5/13/2013 1:30,-113.41,39.62,1439.04,-7,4429.06
5/13/2013 2:30,-113.41,39.62,1439.04,-7,4429.06
5/13/2013 3:30,-113.41,39.62,1439.04,-7,4429.06
5/13/2013 4:30,-113.41,39.62,1439.04,-7,4429.07
5/13/2013 5:30,-113.41,39.62,1439.04,-7,4429.07
5/13/2013 6:30,-113.41,39.62,1439.04,-7,4429.05
5/13/2013 7:30,-113.41,39.62,1439.04,-7,4429.04
5/13/2013 8:30,-113.41,39.62,1439.04,-7,4429.04
5/13/2013 9:30,-113.41,39.62,1439.04,-7,4429.03
5/13/2013 10:30,-113.41,39.62,1439.04,-7,4429.03
5/13/2013 11:30,-113.41,39.62,1439.04,-7,4429.02
5/13/2013 12:30,-113.41,39.62,1439.04,-7,4429.01
5/13/2013 13:30,-113.41,39.62,1439.04,-7,4429.02
5/13/2013 14:30,-113.41,39.62,1439.04,-7,4429.03
5/13/2013 15:30,-113.41,39.62,1439.04,-7,4429.04
5/13/2013 16:30,-113.41,39.62,1439.04,-7,4429.05
5/13/2013 17:30,-113.41,39.62,1439.04,-7,4429.06
5/13/2013 18:30,-113.41,39.62,1439.04,-7,4429.07
5/13/2013 19:30,-113.41,39.62,1439.04,-7,4429.07
5/13/2013 20:30,-113.41,39.62,1439.04,-7,4429.07
5/13/2013 21:30,-113.41,39.62,1439.04,-7,4429.07
5/13/2013 22:30,-113.41,39.62,1439.04,-7,4429.07
5/13/2013 23:30,-113.41,39.62,1439.04,-7,4429.06
5/14/2013 0:30,-113.41,39.62,1439.04,-7,4429.05
5/14/2013 1:30,-113.41,39.62,1439.04,-7,4429.04
5/14/2013 2:30,-113.41,39.62,1439.04,-7,4429.04
5/14/2013 3:30,-113.41,39.62,1439.04,-7,4429.05
5/14/2013 4:30,-113.41,39.62,1439.04,-7,4429.05
5/14/2013 5:30,-113.41,39.62,1439.04,-7,4429.06
5/14/2013 6:30,-113.41,39.62,1439.04,-7,4429.05
5/14/2013 7:30,-113.41,39.62,1439.04,-7,4429.03
5/14/2013 8:30,-113.41,39.62,1439.04,-7,4429.02
5/14/2013 9:30,-113.41,39.62,1439.04,-7,4429.02
5/14/2013 10:30,-113.41,39.62,1439.04,-7,4429.02
5/14/2013 11:30,-113.41,39.62,1439.04,-7,4429.02
5/14/2013 12:30,-113.41,39.62,1439.04,-7,4429.03
5/14/2013 13:30,-113.41,39.62,1439.04,-7,4429.03
5/14/2013 14:30,-113.41,39.62,1439.04,-7,4429.03
5/14/2013 15:30,-113.41,39.62,1439.04,-7,4429.04
5/14/2013 16:30,-113.41,39.62,1439.04,-7,4429.06
5/14/2013 17:30,-113.41,39.62,1439.04,-7,4429.06
5/14/2013 18:30,-113.41,39.62,1439.04,-7,4429.07
5/14/2013 19:30,-113.41,39.62,1439.04,-7,4429.06
5/14/2013 20:30,-113.41,39.62,1439.04,-7,4429.06
5/14/2013 21:30,-113.41,39.62,1439.04,-7,4429.05
5/14/2013 22:30,-113.41,39.62,1439.04,-7,4429.05
5/14/2013 23:30,-113.41,39.62,1439.04,-7,4429.04
5/15/2013 0:30,-113.41,39.62,1439.04,-7,4429.02
5/15/2013 1:30,-113.41,39.62,1439.04,-7,4429.04
5/15/2013 2:30,-113.41,39.62,1439.04,-7,4429.04
5/15/2013 3:30,-113.41,39.62,1439.04,-7,4429.03
5/15/2013 4:30,-113.41,39.62,1439.04,-7,4429.04
5/15/2013 5:30,-113.41,39.62,1439.04,-7,4429.05
5/15/2013 6:30,-113.41,39.62,1439.04,-7,4429.04
5/15/2013 7:30,-113.41,39.62,1439.04,-7,4429.03
5/15/2013 8:30,-113.41,39.62,1439.04,-7,4429.03
5/15/2013 9:30,-113.41,39.62,1439.04,-7,4429.03
5/15/2013 10:30,-113.41,39.62,1439.04,-7,4429.03
5/15/2013 11:30,-113.41,39.62,1439.04,-7,4429.03
5/15/2013 12:30,-113.41,39.62,1439.04,-7,4429.03
5/15/2013 13:30,-113.41,39.62,1439.04,-7,4429.03
5/15/2013 14:30,-113.41,39.62,1439.04,-7,4429.04
5/15/2013 15:30,-113.41,39.62,1439.04,-7,4429.03
5/15/2013 16:30,-113.41,39.62,1439.04,-7,4429.03
5/15/2013 17:30,-113.41,39.62,1439.04,-7,4429.04
5/15/2013 18:30,-113.41,39.62,1439.04,-7,4429.05
5/15/2013 19:30,-113.41,39.62,1439.04,-7,4429.05
5/15/2013 20:30,-113.41,39.62,1439.04,-7,4429.04
5/15/2013 21:30,-113.41,39.62,1439.04,-7,4429.04
5/15/2013 22:30,-113.41,39.62,1439.04,-7,4429.04
5/15/2013 23:30,-113.41,39.62,1439.04,-7,4429.04
5/16/2013 0:30,-113.41,39.62,1439.04,-7,4429.05
5/16/2013 1:30,-113.41,39.62,1439.04,-7,4429.05
5/16/2013 2:30,-113.41,39.62,1439.04,-7,4429.05
5/16/2013 3:30,-113.41,39.62,1439.04,-7,4429.04
5/16/2013 4:30,-113.41,39.62,1439.04,-7,4429.04
5/16/2013 5:30,-113.41,39.62,1439.04,-7,4429.04
5/16/2013 6:30,-113.41,39.62,1439.04,-7,4429.03
5/16/2013 7:30,-113.41,39.62,1439.04,-7,4429.02
5/16/2013 8:30,-113.41,39.62,1439.04,-7,4429.03
5/16/2013 9:30,-113.41,39.62,1439.04,-7,4429.04
5/16/2013 10:30,-113.41,39.62,1439.04,-7,4429.04
5/16/2013 11:30,-113.41,39.62,1439.04,-7,4429.05
5/16/2013 12:30,-113.41,39.62,1439.04,-7,4429.05
5/16/2013 13:30,-113.41,39.62,1439.04,-7,4429.05
5/16/2013 14:30,-113.41,39.62,1439.04,-7,4429.04
5/16/2013 15:30,-113.41,39.62,1439.04,-7,4429.03
5/16/2013 16:30,-113.41,39.62,1439.04,-7,4429.02
5/16/2013 17:30,-113.41,39.62,1439.04,-7,4429.02
5/16/2013 18:30,-113.41,39.62,1439.04,-7,4429.01
5/16/2013 19:30,-113.41,39.62,1439.04,-7,4429.01
5/16/2013 20:30,-113.41,39.62,1439.04,-7,4429.03
5/16/2013 21:30,-113.41,39.62,1439.04,-7,4429.02
5/16/2013 22:30,-113.41,39.62,1439.04,-7,4429.03
5/16/2013 23:30,-113.41,39.62,1439.04,-7,4429.04
5/17/2013 0:30,-113.41,39.62,1439.04,-7,4429.04
5/17/2013 1:30,-113.41,39.62,1439.04,-7,4429.04
5/17/2013 2:30,-113.41,39.62,1439.04,-7,4429.05
5/17/2013 3:30,-113.41,39.62,1439.04,-7,4429.04
5/17/2013 4:30,-113.41,39.62,1439.04,-7,4429.03
5/17/2013 5:30,-113.41,39.62,1439.04,-7,4429.03
5/17/2013 6:30,-113.41,39.62,1439.04,-7,4429.02
5/17/2013 7:30,-113.41,39.62,1439.04,-7,4429.01
5/17/2013 8:30,-113.41,39.62,1439.04,-7,4429.01
5/17/2013 9:30,-113.41,39.62,1439.04,-7,4429.01
5/17/2013 10:30,-113.41,39.62,1439.04,-7,4429.02
5/17/2013 11:30,-113.41,39.62,1439.04,-7,4429.02
5/17/2013 12:30,-113.41,39.62,1439.04,-7,4429.03
5/17/2013 13:30,-113.41,39.62,1439.04,-7,4429.03
5/17/2013 14:30,-113.41,39.62,1439.04,-7,4429.03
5/17/2013 15:30,-113.41,39.62,1439.04,-7,4429.01
5/17/2013 16:30,-113.41,39.62,1439.04,-7,4429
5/17/2013 17:30,-113.41,39.62,1439.04,-7,4429.01
5/17/2013 18:30,-113.41,39.62,1439.04,-7,4429.02
5/17/2013 19:30,-113.41,39.62,1439.04,-7,4429.01
5/17/2013 20:30,-113.41,39.62,1439.04,-7,4429.03
5/17/2013 21:30,-113.41,39.62,1439.04,-7,4429.04
5/17/2013 22:30,-113.41,39.62,1439.04,-7,4429.05
5/17/2013 23:30,-113.41,39.62,1439.04,-7,4429.06
5/18/2013 0:30,-113.41,39.62,1439.04,-7,4429.07
5/18/2013 1:30,-113.41,39.62,1439.04,-7,4429.07
5/18/2013 2:30,-113.41,39.62,1439.04,-7,4429.06
5/18/2013 3:30,-113.41,39.62,1439.04,-7,4429.06
5/18/2013 4:30,-113.41,39.62,1439.04,-7,4429.05
5/18/2013 5:30,-113.41,39.62,1439.04,-7,4429.04
5/18/2013 6:30,-113.41,39.62,1439.04,-7,4429.03
5/18/2013 7:30,-113.41,39.62,1439.04,-7,4429.01
5/18/2013 8:30,-113.41,39.62,1439.04,-7,4429
5/18/2013 9:30,-113.41,39.62,1439.04,-7,4429.01
5/18/2013 10:30,-113.41,39.62,1439.04,-7,4429.02
5/18/2013 11:30,-113.41,39.62,1439.04,-7,4429.03
5/18/2013 12:30,-113.41,39.62,1439.04,-7,4429.04
5/18/2013 13:30,-113.41,39.62,1439.04,-7,4429.03
5/18/2013 14:30,-113.41,39.62,1439.04,-7,4429.04
5/18/2013 15:30,-113.41,39.62,1439.04,-7,4429.03
5/18/2013 16:30,-113.41,39.62,1439.04,-7,4429.03
5/18/2013 17:30,-113.41,39.62,1439.04,-7,4429.02
5/18/2013 18:30,-113.41,39.62,1439.04,-7,4429.01
5/18/2013 19:30,-113.41,39.62,1439.04,-7,4429.02
5/18/2013 20:30,-113.41,39.62,1439.04,-7,4429.04
5/18/2013 21:30,-113.41,39.62,1439.04,-7,4429.04
5/18/2013 22:30,-113.41,39.62,1439.04,-7,4429.06
5/18/2013 23:30,-113.41,39.62,1439.04,-7,4429.07
5/19/2013 0:30,-113.41,39.62,1439.04,-7,4429.08
5/19/2013 1:30,-113.41,39.62,1439.04,-7,4429.09
5/19/2013 2:30,-113.41,39.62,1439.04,-7,4429.08
5/19/2013 3:30,-113.41,39.62,1439.04,-7,4429.07
5/19/2013 4:30,-113.41,39.62,1439.04,-7,4429.06
5/19/2013 5:30,-113.41,39.62,1439.04,-7,4429.04
5/19/2013 6:30,-113.41,39.62,1439.04,-7,4429.01
5/19/2013 7:30,-113.41,39.62,1439.04,-7,4429.01
5/19/2013 8:30,-113.41,39.62,1439.04,-7,4429.02
5/19/2013 9:30,-113.41,39.62,1439.04,-7,4429.02
5/19/2013 10:30,-113.41,39.62,1439.04,-7,4429.02
5/19/2013 11:30,-113.41,39.62,1439.04,-7,4429.03
5/19/2013 12:30,-113.41,39.62,1439.04,-7,4429.05
5/19/2013 13:30,-113.41,39.62,1439.04,-7,4429.06
5/19/2013 14:30,-113.41,39.62,1439.04,-7,4429.06
5/19/2013 15:30,-113.41,39.62,1439.04,-7,4429.06
5/19/2013 16:30,-113.41,39.62,1439.04,-7,4429.04
5/19/2013 17:30,-113.41,39.62,1439.04,-7,4429.03
5/19/2013 18:30,-113.41,39.62,1439.04,-7,4429.03
5/19/2013 19:30,-113.41,39.62,1439.04,-7,4429.04
5/19/2013 20:30,-113.41,39.62,1439.04,-7,4429.04
5/19/2013 21:30,-113.41,39.62,1439.04,-7,4429.06
5/19/2013 22:30,-113.41,39.62,1439.04,-7,4429.07
5/19/2013 23:30,-113.41,39.62,1439.04,-7,4429.08
5/20/2013 0:30,-113.41,39.62,1439.04,-7,4429.09
5/20/2013 1:30,-113.41,39.62,1439.04,-7,4429.09
5/20/2013 2:30,-113.41,39.62,1439.04,-7,4429.09
5/20/2013 3:30,-113.41,39.62,1439.04,-7,4429.08
5/20/2013 4:30,-113.41,39.62,1439.04,-7,4429.07
5/20/2013 5:30,-113.41,39.62,1439.04,-7,4429.05
5/20/2013 6:30,-113.41,39.62,1439.04,-7,4429.03
5/20/2013 7:30,-113.41,39.62,1439.04,-7,4429
5/20/2013 8:30,-113.41,39.62,1439.04,-7,4428.99
5/20/2013 9:30,-113.41,39.62,1439.04,-7,4428.99
5/20/2013 10:30,-113.41,39.62,1439.04,-7,4429
5/20/2013 11:30,-113.41,39.62,1439.04,-7,4429.02
5/20/2013 12:30,-113.41,39.62,1439.04,-7,4429.03
5/20/2013 13:30,-113.41,39.62,1439.04,-7,4429.05
5/20/2013 14:30,-113.41,39.62,1439.04,-7,4429.06
5/20/2013 15:30,-113.41,39.62,1439.04,-7,4429.06
5/20/2013 16:30,-113.41,39.62,1439.04,-7,4429.06
5/20/2013 17:30,-113.41,39.62,1439.04,-7,4429.05
5/20/2013 18:30,-113.41,39.62,1439.04,-7,4429.04
5/20/2013 19:30,-113.41,39.62,1439.04,-7,4429.04
5/20/2013 20:30,-113.41,39.62,1439.04,-7,4429.04
5/20/2013 21:30,-113.41,39.62,1439.04,-7,4429.04
5/20/2013 22:30,-113.41,39.62,1439.04,-7,4429.06
5/20/2013 23:30,-113.41,39.62,1439.04,-7,4429.07
5/21/2013 0:30,-113.41,39.62,1439.04,-7,4429.08
5/21/2013 1:30,-113.41,39.62,1439.04,-7,4429.1
5/21/2013 2:30,-113.41,39.62,1439.04,-7,4429.1
5/21/2013 3:30,-113.41,39.62,1439.04,-7,4429.1
5/21/2013 4:30,-113.41,39.62,1439.04,-7,4429.09
5/21/2013 5:30,-113.41,39.62,1439.04,-7,4429.07
5/21/2013 6:30,-113.41,39.62,1439.04,-7,4429.04
5/21/2013 7:30,-113.41,39.62,1439.04,-7,4429.01
5/21/2013 8:30,-113.41,39.62,1439.04,-7,4429
5/21/2013 9:30,-113.41,39.62,1439.04,-7,4429
5/21/2013 10:30,-113.41,39.62,1439.04,-7,4429.02
5/21/2013 11:30,-113.41,39.62,1439.04,-7,4429.03
5/21/2013 12:30,-113.41,39.62,1439.04,-7,4429.05
5/21/2013 13:30,-113.41,39.62,1439.04,-7,4429.07
5/21/2013 14:30,-113.41,39.62,1439.04,-7,4429.08
5/21/2013 15:30,-113.41,39.62,1439.04,-7,4429.1
5/21/2013 16:30,-113.41,39.62,1439.04,-7,4429.1
5/21/2013 17:30,-113.41,39.62,1439.04,-7,4429.09
5/21/2013 18:30,-113.41,39.62,1439.04,-7,4429.07
5/21/2013 19:30,-113.41,39.62,1439.04,-7,4429.05
5/21/2013 20:30,-113.41,39.62,1439.04,-7,4429.04
5/21/2013 21:30,-113.41,39.62,1439.04,-7,4429.03
5/21/2013 22:30,-113.41,39.62,1439.04,-7,4429.04
5/21/2013 23:30,-113.41,39.62,1439.04,-7,4429.06
5/22/2013 0:30,-113.41,39.62,1439.04,-7,4429.07
5/22/2013 1:30,-113.41,39.62,1439.04,-7,4429.08
5/22/2013 2:30,-113.41,39.62,1439.04,-7,4429.08
5/22/2013 3:30,-113.41,39.62,1439.04,-7,4429.08
5/22/2013 4:30,-113.41,39.62,1439.04,-7,4429.07
5/22/2013 5:30,-113.41,39.62,1439.04,-7,4429.06
5/22/2013 6:30,-113.41,39.62,1439.04,-7,4429.03
5/22/2013 7:30,-113.41,39.62,1439.04,-7,4428.99
5/22/2013 8:30,-113.41,39.62,1439.04,-7,4428.99
5/22/2013 9:30,-113.41,39.62,1439.04,-7,4428.99
5/22/2013 10:30,-113.41,39.62,1439.04,-7,4428.99
5/22/2013 11:30,-113.41,39.62,1439.04,-7,4429.01
5/22/2013 12:30,-113.41,39.62,1439.04,-7,4429.02
5/22/2013 13:30,-113.41,39.62,1439.04,-7,4429.05
5/22/2013 14:30,-113.41,39.62,1439.04,-7,4429.06
5/22/2013 15:30,-113.41,39.62,1439.04,-7,4429.06
5/22/2013 16:30,-113.41,39.62,1439.04,-7,4429.05
5/22/2013 17:30,-113.41,39.62,1439.04,-7,4429.03
5/22/2013 18:30,-113.41,39.62,1439.04,-7,4429.02
5/22/2013 19:30,-113.41,39.62,1439.04,-7,4429.01
5/22/2013 20:30,-113.41,39.62,1439.04,-7,4429
5/22/2013 21:30,-113.41,39.62,1439.04,-7,4428.99
5/22/2013 22:30,-113.41,39.62,1439.04,-7,4428.99
5/22/2013 23:30,-113.41,39.62,1439.04,-7,4429
5/23/2013 0:30,-113.41,39.62,1439.04,-7,4429.02
5/23/2013 1:30,-113.41,39.62,1439.04,-7,4429.03
5/23/2013 2:30,-113.41,39.62,1439.04,-7,4429.05
5/23/2013 3:30,-113.41,39.62,1439.04,-7,4429.06
5/23/2013 4:30,-113.41,39.62,1439.04,-7,4429.07
5/23/2013 5:30,-113.41,39.62,1439.04,-7,4429.06
5/23/2013 6:30,-113.41,39.62,1439.04,-7,4429.03
5/23/2013 7:30,-113.41,39.62,1439.04,-7,4429
5/23/2013 8:30,-113.41,39.62,1439.04,-7,4428.98
5/23/2013 9:30,-113.41,39.62,1439.04,-7,4428.97
5/23/2013 10:30,-113.41,39.62,1439.04,-7,4428.97
5/23/2013 11:30,-113.41,39.62,1439.04,-7,4428.99
5/23/2013 12:30,-113.41,39.62,1439.04,-7,4429.01
5/23/2013 13:30,-113.41,39.62,1439.04,-7,4429.04
5/23/2013 14:30,-113.41,39.62,1439.04,-7,4429.07
5/23/2013 15:30,-113.41,39.62,1439.04,-7,4429.08
5/23/2013 16:30,-113.41,39.62,1439.04,-7,4429.08
5/23/2013 17:30,-113.41,39.62,1439.04,-7,4429.06
5/23/2013 18:30,-113.41,39.62,1439.04,-7,4429.04
5/23/2013 19:30,-113.41,39.62,1439.04,-7,4429.01
5/23/2013 20:30,-113.41,39.62,1439.04,-7,4429
5/23/2013 21:30,-113.41,39.62,1439.04,-7,4428.99
5/23/2013 22:30,-113.41,39.62,1439.04,-7,4428.99
5/23/2013 23:30,-113.41,39.62,1439.04,-7,4429
5/24/2013 0:30,-113.41,39.62,1439.04,-7,4429.03
5/24/2013 1:30,-113.41,39.62,1439.04,-7,4429.04
5/24/2013 2:30,-113.41,39.62,1439.04,-7,4429.06
5/24/2013 3:30,-113.41,39.62,1439.04,-7,4429.08
5/24/2013 4:30,-113.41,39.62,1439.04,-7,4429.07
5/24/2013 5:30,-113.41,39.62,1439.04,-7,4429.07
5/24/2013 6:30,-113.41,39.62,1439.04,-7,4429.05
5/24/2013 7:30,-113.41,39.62,1439.04,-7,4429.01
5/24/2013 8:30,-113.41,39.62,1439.04,-7,4428.98
5/24/2013 9:30,-113.41,39.62,1439.04,-7,4428.97
5/24/2013 10:30,-113.41,39.62,1439.04,-7,4428.97
5/24/2013 11:30,-113.41,39.62,1439.04,-7,4428.98
5/24/2013 12:30,-113.41,39.62,1439.04,-7,4429
5/24/2013 13:30,-113.41,39.62,1439.04,-7,4429.02
5/24/2013 14:30,-113.41,39.62,1439.04,-7,4429.05
5/24/2013 15:30,-113.41,39.62,1439.04,-7,4429.08
5/24/2013 16:30,-113.41,39.62,1439.04,-7,4429.1
5/24/2013 17:30,-113.41,39.62,1439.04,-7,4429.11
5/24/2013 18:30,-113.41,39.62,1439.04,-7,4429.1
5/24/2013 19:30,-113.41,39.62,1439.04,-7,4429.09
5/24/2013 20:30,-113.41,39.62,1439.04,-7,4429.07
5/24/2013 21:30,-113.41,39.62,1439.04,-7,4429.05
5/24/2013 22:30,-113.41,39.62,1439.04,-7,4429.05
5/24/2013 23:30,-113.41,39.62,1439.04,-7,4429.05
5/25/2013 0:30,-113.41,39.62,1439.04,-7,4429.05
5/25/2013 1:30,-113.41,39.62,1439.04,-7,4429.05
5/25/2013 2:30,-113.41,39.62,1439.04,-7,4429.06
5/25/2013 3:30,-113.41,39.62,1439.04,-7,4429.06
5/25/2013 4:30,-113.41,39.62,1439.04,-7,4429.07
5/25/2013 5:30,-113.41,39.62,1439.04,-7,4429.07
5/25/2013 6:30,-113.41,39.62,1439.04,-7,4429.04
5/25/2013 7:30,-113.41,39.62,1439.04,-7,4429.02
5/25/2013 8:30,-113.41,39.62,1439.04,-7,4429
5/25/2013 9:30,-113.41,39.62,1439.04,-7,4428.98
5/25/2013 10:30,-113.41,39.62,1439.04,-7,4428.97
5/25/2013 11:30,-113.41,39.62,1439.04,-7,4428.97
5/25/2013 12:30,-113.41,39.62,1439.04,-7,4428.97
5/25/2013 13:30,-113.41,39.62,1439.04,-7,4428.99
5/25/2013 14:30,-113.41,39.62,1439.04,-7,4429.02
5/25/2013 15:30,-113.41,39.62,1439.04,-7,4429.04
5/25/2013 16:30,-113.41,39.62,1439.04,-7,4429.06
5/25/2013 17:30,-113.41,39.62,1439.04,-7,4429.08
5/25/2013 18:30,-113.41,39.62,1439.04,-7,4429.08
5/25/2013 19:30,-113.41,39.62,1439.04,-7,4429.08
5/25/2013 20:30,-113.41,39.62,1439.04,-7,4429.07
5/25/2013 21:30,-113.41,39.62,1439.04,-7,4429.06
5/25/2013 22:30,-113.41,39.62,1439.04,-7,4429.05
5/25/2013 23:30,-113.41,39.62,1439.04,-7,4429.05
5/26/2013 0:30,-113.41,39.62,1439.04,-7,4429.06
5/26/2013 1:30,-113.41,39.62,1439.04,-7,4429.06
5/26/2013 2:30,-113.41,39.62,1439.04,-7,4429.05
5/26/2013 3:30,-113.41,39.62,1439.04,-7,4429.05
5/26/2013 4:30,-113.41,39.62,1439.04,-7,4429.06
5/26/2013 5:30,-113.41,39.62,1439.04,-7,4429.07
5/26/2013 6:30,-113.41,39.62,1439.04,-7,4429.06
5/26/2013 7:30,-113.41,39.62,1439.04,-7,4429.05
5/26/2013 8:30,-113.41,39.62,1439.04,-7,4429.02
5/26/2013 9:30,-113.41,39.62,1439.04,-7,4429
5/26/2013 10:30,-113.41,39.62,1439.04,-7,4428.99
5/26/2013 11:30,-113.41,39.62,1439.04,-7,4428.99
5/26/2013 12:30,-113.41,39.62,1439.04,-7,4428.98
5/26/2013 13:30,-113.41,39.62,1439.04,-7,4428.99
5/26/2013 14:30,-113.41,39.62,1439.04,-7,4429
5/26/2013 15:30,-113.41,39.62,1439.04,-7,4429.02
5/26/2013 16:30,-113.41,39.62,1439.04,-7,4429.05
5/26/2013 17:30,-113.41,39.62,1439.04,-7,4429.06
5/26/2013 18:30,-113.41,39.62,1439.04,-7,4429.07
5/26/2013 19:30,-113.41,39.62,1439.04,-7,4429.07
5/26/2013 20:30,-113.41,39.62,1439.04,-7,4429.06
5/26/2013 21:30,-113.41,39.62,1439.04,-7,4429.04
5/26/2013 22:30,-113.41,39.62,1439.04,-7,4429.02
5/26/2013 23:30,-113.41,39.62,1439.04,-7,4429.02
5/27/2013 0:30,-113.41,39.62,1439.04,-7,4429.02
5/27/2013 1:30,-113.41,39.62,1439.04,-7,4429.02
5/27/2013 2:30,-113.41,39.62,1439.04,-7,4429.02
5/27/2013 3:30,-113.41,39.62,1439.04,-7,4429.04
5/27/2013 4:30,-113.41,39.62,1439.04,-7,4429.05
5/27/2013 5:30,-113.41,39.62,1439.04,-7,4429.05
5/27/2013 6:30,-113.41,39.62,1439.04,-7,4429.05
5/27/2013 7:30,-113.41,39.62,1439.04,-7,4429.03
5/27/2013 8:30,-113.41,39.62,1439.04,-7,4429.02
5/27/2013 9:30,-113.41,39.62,1439.04,-7,4429.02
5/27/2013 10:30,-113.41,39.62,1439.04,-7,4429.01
5/27/2013 11:30,-113.41,39.62,1439.04,-7,4429
5/27/2013 12:30,-113.41,39.62,1439.04,-7,4429
5/27/2013 13:30,-113.41,39.62,1439.04,-7,4429.01
5/27/2013 14:30,-113.41,39.62,1439.04,-7,4429.01
5/27/2013 15:30,-113.41,39.62,1439.04,-7,4429.03
5/27/2013 16:30,-113.41,39.62,1439.04,-7,4429.06
5/27/2013 17:30,-113.41,39.62,1439.04,-7,4429.07
5/27/2013 18:30,-113.41,39.62,1439.04,-7,4429.08
5/27/2013 19:30,-113.41,39.62,1439.04,-7,4429.08
5/27/2013 20:30,-113.41,39.62,1439.04,-7,4429.07
5/27/2013 21:30,-113.41,39.62,1439.04,-7,4429.06
5/27/2013 22:30,-113.41,39.62,1439.04,-7,4429.05
5/27/2013 23:30,-113.41,39.62,1439.04,-7,4429.05
5/28/2013 0:30,-113.41,39.62,1439.04,-7,4429.06
5/28/2013 1:30,-113.41,39.62,1439.04,-7,4429.06
5/28/2013 2:30,-113.41,39.62,1439.04,-7,4429.06
5/28/2013 3:30,-113.41,39.62,1439.04,-7,4429.06
5/28/2013 4:30,-113.41,39.62,1439.04,-7,4429.06
5/28/2013 5:30,-113.41,39.62,1439.04,-7,4429.06
5/28/2013 6:30,-113.41,39.62,1439.04,-7,4429.07
5/28/2013 7:30,-113.41,39.62,1439.04,-7,4429.06
5/28/2013 8:30,-113.41,39.62,1439.04,-7,4429.05
5/28/2013 9:30,-113.41,39.62,1439.04,-7,4429.03
5/28/2013 10:30,-113.41,39.62,1439.04,-7,4429.01
5/28/2013 11:30,-113.41,39.62,1439.04,-7,4429
5/28/2013 12:30,-113.41,39.62,1439.04,-7,4428.99
5/28/2013 13:30,-113.41,39.62,1439.04,-7,4428.99
5/28/2013 14:30,-113.41,39.62,1439.04,-7,4428.97
5/28/2013 15:30,-113.41,39.62,1439.04,-7,4428.98
5/28/2013 16:30,-113.41,39.62,1439.04,-7,4428.99
5/28/2013 17:30,-113.41,39.62,1439.04,-7,4429.03
5/28/2013 18:30,-113.41,39.62,1439.04,-7,4429.03
5/28/2013 19:30,-113.41,39.62,1439.04,-7,4429.05
5/28/2013 20:30,-113.41,39.62,1439.04,-7,4429.06
5/28/2013 21:30,-113.41,39.62,1439.04,-7,4429.07
5/28/2013 22:30,-113.41,39.62,1439.04,-7,4429.07
5/28/2013 23:30,-113.41,39.62,1439.04,-7,4429.08
5/29/2013 0:30,-113.41,39.62,1439.04,-7,4429.08
5/29/2013 1:30,-113.41,39.62,1439.04,-7,4429.08
5/29/2013 2:30,-113.41,39.62,1439.04,-7,4429.08
5/29/2013 3:30,-113.41,39.62,1439.04,-7,4429.08
5/29/2013 4:30,-113.41,39.62,1439.04,-7,4429.08
5/29/2013 5:30,-113.41,39.62,1439.04,-7,4429.07
5/29/2013 6:30,-113.41,39.62,1439.04,-7,4429.06
5/29/2013 7:30,-113.41,39.62,1439.04,-7,4429.05
5/29/2013 8:30,-113.41,39.62,1439.04,-7,4429.05
5/29/2013 9:30,-113.41,39.62,1439.04,-7,4429.05
5/29/2013 10:30,-113.41,39.62,1439.04,-7,4429.04
5/29/2013 11:30,-113.41,39.62,1439.04,-7,4429.03
5/29/2013 12:30,-113.41,39.62,1439.04,-7,4429.02
5/29/2013 13:30,-113.41,39.62,1439.04,-7,4429
5/29/2013 14:30,-113.41,39.62,1439.04,-7,4429
5/29/2013 15:30,-113.41,39.62,1439.04,-7,4429.01
5/29/2013 16:30,-113.41,39.62,1439.04,-7,4429.01
5/29/2013 17:30,-113.41,39.62,1439.04,-7,4429.02
5/29/2013 18:30,-113.41,39.62,1439.04,-7,4429.02
5/29/2013 19:30,-113.41,39.62,1439.04,-7,4429.03
5/29/2013 20:30,-113.41,39.62,1439.04,-7,4429.04
5/29/2013 21:30,-113.41,39.62,1439.04,-7,4429.05
5/29/2013 22:30,-113.41,39.62,1439.04,-7,4429.05
5/29/2013 23:30,-113.41,39.62,1439.04,-7,4429.06
5/30/2013 0:30,-113.41,39.62,1439.04,-7,4429.06
5/30/2013 1:30,-113.41,39.62,1439.04,-7,4429.06
5/30/2013 2:30,-113.41,39.62,1439.04,-7,4429.06
5/30/2013 3:30,-113.41,39.62,1439.04,-7,4429.05
5/30/2013 4:30,-113.41,39.62,1439.04,-7,4429.05
5/30/2013 5:30,-113.41,39.62,1439.04,-7,4429.04
5/30/2013 6:30,-113.41,39.62,1439.04,-7,4429.03
5/30/2013 7:30,-113.41,39.62,1439.04,-7,4429.01
5/30/2013 8:30,-113.41,39.62,1439.04,-7,4429.01
5/30/2013 9:30,-113.41,39.62,1439.04,-7,4429.03
5/30/2013 10:30,-113.41,39.62,1439.04,-7,4429.04
5/30/2013 11:30,-113.41,39.62,1439.04,-7,4429.03
5/30/2013 12:30,-113.41,39.62,1439.04,-7,4429.03
5/30/2013 13:30,-113.41,39.62,1439.04,-7,4429.03
5/30/2013 14:30,-113.41,39.62,1439.04,-7,4429.02
5/30/2013 15:30,-113.41,39.62,1439.04,-7,4429.02
5/30/2013 16:30,-113.41,39.62,1439.04,-7,4429.02
5/30/2013 17:30,-113.41,39.62,1439.04,-7,4429.02
5/30/2013 18:30,-113.41,39.62,1439.04,-7,4429.02
5/30/2013 19:30,-113.41,39.62,1439.04,-7,4429.03
5/30/2013 20:30,-113.41,39.62,1439.04,-7,4429.03
5/30/2013 21:30,-113.41,39.62,1439.04,-7,4429.04
5/30/2013 22:30,-113.41,39.62,1439.04,-7,4429.04
5/30/2013 23:30,-113.41,39.62,1439.04,-7,4429.05
5/31/2013 0:30,-113.41,39.62,1439.04,-7,4429.05
5/31/2013 1:30,-113.41,39.62,1439.04,-7,4429.06
5/31/2013 2:30,-113.41,39.62,1439.04,-7,4429.05
5/31/2013 3:30,-113.41,39.62,1439.04,-7,4429.03
5/31/2013 4:30,-113.41,39.62,1439.04,-7,4429.02
5/31/2013 5:30,-113.41,39.62,1439.04,-7,4429.01
5/31/2013 6:30,-113.41,39.62,1439.04,-7,4429
5/31/2013 7:30,-113.41,39.62,1439.04,-7,4428.99
5/31/2013 8:30,-113.41,39.62,1439.04,-7,4428.99
5/31/2013 9:30,-113.41,39.62,1439.04,-7,4429.01
5/31/2013 10:30,-113.41,39.62,1439.04,-7,4429.02
5/31/2013 11:30,-113.41,39.62,1439.04,-7,4429.03
5/31/2013 12:30,-113.41,39.62,1439.04,-7,4429.04
5/31/2013 13:30,-113.41,39.62,1439.04,-7,4429.03
5/31/2013 14:30,-113.41,39.62,1439.04,-7,4429.03
5/31/2013 15:30,-113.41,39.62,1439.04,-7,4429.03
5/31/2013 16:30,-113.41,39.62,1439.04,-7,4429.02
5/31/2013 17:30,-113.41,39.62,1439.04,-7,4429.02
5/31/2013 18:30,-113.41,39.62,1439.04,-7,4429.02
5/31/2013 19:30,-113.41,39.62,1439.04,-7,4429.03
5/31/2013 20:30,-113.41,39.62,1439.04,-7,4429.04
5/31/2013 21:30,-113.41,39.62,1439.04,-7,4429.05
5/31/2013 22:30,-113.41,39.62,1439.04,-7,4429.06
5/31/2013 23:30,-113.41,39.62,1439.04,-7,4429.08
6/1/2013 0:30,-113.41,39.62,1439.04,-7,4429.08
6/1/2013 1:30,-113.41,39.62,1439.04,-7,4429.08
6/1/2013 2:30,-113.41,39.62,1439.04,-7,4429.08
6/1/2013 3:30,-113.41,39.62,1439.04,-7,4429.07
6/1/2013 4:30,-113.41,39.62,1439.04,-7,4429.06
6/1/2013 5:30,-113.41,39.62,1439.04,-7,4429.06
6/1/2013 6:30,-113.41,39.62,1439.04,-7,4429.04
6/1/2013 7:30,-113.41,39.62,1439.04,-7,4429.01
6/1/2013 8:30,-113.41,39.62,1439.04,-7,4429.01
6/1/2013 9:30,-113.41,39.62,1439.04,-7,4429.03
6/1/2013 10:30,-113.41,39.62,1439.04,-7,4429.04
6/1/2013 11:30,-113.41,39.62,1439.04,-7,4429.05
6/1/2013 12:30,-113.41,39.62,1439.04,-7,4429.06
6/1/2013 13:30,-113.41,39.62,1439.04,-7,4429.07
6/1/2013 14:30,-113.41,39.62,1439.04,-7,4429.07
6/1/2013 15:30,-113.41,39.62,1439.04,-7,4429.07
6/1/2013 16:30,-113.41,39.62,1439.04,-7,4429.06
6/1/2013 17:30,-113.41,39.62,1439.04,-7,4429.06
6/1/2013 18:30,-113.41,39.62,1439.04,-7,4429.05
6/1/2013 19:30,-113.41,39.62,1439.04,-7,4429.04
6/1/2013 20:30,-113.41,39.62,1439.04,-7,4429.04
6/1/2013 21:30,-113.41,39.62,1439.04,-7,4429.04
6/1/2013 22:30,-113.41,39.62,1439.04,-7,4429.06
6/1/2013 23:30,-113.41,39.62,1439.04,-7,4429.08
6/2/2013 0:30,-113.41,39.62,1439.04,-7,4429.09
6/2/2013 1:30,-113.41,39.62,1439.04,-7,4429.09
6/2/2013 2:30,-113.41,39.62,1439.04,-7,4429.09
6/2/2013 3:30,-113.41,39.62,1439.04,-7,4429.08
6/2/2013 4:30,-113.41,39.62,1439.04,-7,4429.06
6/2/2013 5:30,-113.41,39.62,1439.04,-7,4429.05
6/2/2013 6:30,-113.41,39.62,1439.04,-7,4429.03
6/2/2013 7:30,-113.41,39.62,1439.04,-7,4429.01
6/2/2013 8:30,-113.41,39.62,1439.04,-7,4429.01
6/2/2013 9:30,-113.41,39.62,1439.04,-7,4429.03
6/2/2013 10:30,-113.41,39.62,1439.04,-7,4429.04
6/2/2013 11:30,-113.41,39.62,1439.04,-7,4429.06
6/2/2013 12:30,-113.41,39.62,1439.04,-7,4429.08
6/2/2013 13:30,-113.41,39.62,1439.04,-7,4429.09
6/2/2013 14:30,-113.41,39.62,1439.04,-7,4429.09
6/2/2013 15:30,-113.41,39.62,1439.04,-7,4429.09
6/2/2013 16:30,-113.41,39.62,1439.04,-7,4429.08
6/2/2013 17:30,-113.41,39.62,1439.04,-7,4429.07
6/2/2013 18:30,-113.41,39.62,1439.04,-7,4429.06
6/2/2013 19:30,-113.41,39.62,1439.04,-7,4429.04
6/2/2013 20:30,-113.41,39.62,1439.04,-7,4429.03
6/2/2013 21:30,-113.41,39.62,1439.04,-7,4429.03
6/2/2013 22:30,-113.41,39.62,1439.04,-7,4429.01
6/2/2013 23:30,-113.41,39.62,1439.04,-7,4428.99
6/3/2013 0:30,-113.41,39.62,1439.04,-7,4429
6/3/2013 1:30,-113.41,39.62,1439.04,-7,4429.01
6/3/2013 2:30,-113.41,39.62,1439.04,-7,4429.02
6/3/2013 3:30,-113.41,39.62,1439.04,-7,4429.01
6/3/2013 4:30,-113.41,39.62,1439.04,-7,4429.01
6/3/2013 5:30,-113.41,39.62,1439.04,-7,4429
6/3/2013 6:30,-113.41,39.62,1439.04,-7,4428.98
6/3/2013 7:30,-113.41,39.62,1439.04,-7,4428.96
6/3/2013 8:30,-113.41,39.62,1439.04,-7,4428.97
6/3/2013 9:30,-113.41,39.62,1439.04,-7,4428.98
6/3/2013 10:30,-113.41,39.62,1439.04,-7,4428.99
6/3/2013 11:30,-113.41,39.62,1439.04,-7,4429.02
6/3/2013 12:30,-113.41,39.62,1439.04,-7,4429.04
6/3/2013 13:30,-113.41,39.62,1439.04,-7,4429.06
6/3/2013 14:30,-113.41,39.62,1439.04,-7,4429.07
6/3/2013 15:30,-113.41,39.62,1439.04,-7,4429.07
6/3/2013 16:30,-113.41,39.62,1439.04,-7,4429.08
6/3/2013 17:30,-113.41,39.62,1439.04,-7,4429.06
6/3/2013 18:30,-113.41,39.62,1439.04,-7,4429.05
6/3/2013 19:30,-113.41,39.62,1439.04,-7,4429.04
6/3/2013 20:30,-113.41,39.62,1439.04,-7,4429.03
6/3/2013 21:30,-113.41,39.62,1439.04,-7,4429.03
6/3/2013 22:30,-113.41,39.62,1439.04,-7,4429.03
6/3/2013 23:30,-113.41,39.62,1439.04,-7,4429.05
6/4/2013 0:30,-113.41,39.62,1439.04,-7,4429.06
6/4/2013 1:30,-113.41,39.62,1439.04,-7,4429.07
6/4/2013 2:30,-113.41,39.62,1439.04,-7,4429.07
6/4/2013 3:30,-113.41,39.62,1439.04,-7,4429.06
6/4/2013 4:30,-113.41,39.62,1439.04,-7,4429.05
6/4/2013 5:30,-113.41,39.62,1439.04,-7,4429.03
6/4/2013 6:30,-113.41,39.62,1439.04,-7,4429.01
6/4/2013 7:30,-113.41,39.62,1439.04,-7,4428.98
6/4/2013 8:30,-113.41,39.62,1439.04,-7,4428.98
6/4/2013 9:30,-113.41,39.62,1439.04,-7,4428.98
6/4/2013 10:30,-113.41,39.62,1439.04,-7,4428.99
6/4/2013 11:30,-113.41,39.62,1439.04,-7,4429.01
6/4/2013 12:30,-113.41,39.62,1439.04,-7,4429.04
6/4/2013 13:30,-113.41,39.62,1439.04,-7,4429.05
6/4/2013 14:30,-113.41,39.62,1439.04,-7,4429.07
6/4/2013 15:30,-113.41,39.62,1439.04,-7,4429.08
6/4/2013 16:30,-113.41,39.62,1439.04,-7,4429.08
6/4/2013 17:30,-113.41,39.62,1439.04,-7,4429.08
6/4/2013 18:30,-113.41,39.62,1439.04,-7,4429.06
6/4/2013 19:30,-113.41,39.62,1439.04,-7,4429.04
6/4/2013 20:30,-113.41,39.62,1439.04,-7,4429.03
6/4/2013 21:30,-113.41,39.62,1439.04,-7,4429.02
6/4/2013 22:30,-113.41,39.62,1439.04,-7,4429.02
6/4/2013 23:30,-113.41,39.62,1439.04,-7,4429.03
6/5/2013 0:30,-113.41,39.62,1439.04,-7,4429.04
6/5/2013 1:30,-113.41,39.62,1439.04,-7,4429.06
6/5/2013 2:30,-113.41,39.62,1439.04,-7,4429.07
6/5/2013 3:30,-113.41,39.62,1439.04,-7,4429.07
6/5/2013 4:30,-113.41,39.62,1439.04,-7,4429.06
6/5/2013 5:30,-113.41,39.62,1439.04,-7,4429.04
6/5/2013 6:30,-113.41,39.62,1439.04,-7,4429.02
6/5/2013 7:30,-113.41,39.62,1439.04,-7,4428.99
6/5/2013 8:30,-113.41,39.62,1439.04,-7,4428.98
6/5/2013 9:30,-113.41,39.62,1439.04,-7,4428.98
6/5/2013 10:30,-113.41,39.62,1439.04,-7,4428.99
6/5/2013 11:30,-113.41,39.62,1439.04,-7,4429
6/5/2013 12:30,-113.41,39.62,1439.04,-7,4429.02
6/5/2013 13:30,-113.41,39.62,1439.04,-7,4429.05
6/5/2013 14:30,-113.41,39.62,1439.04,-7,4429.07
6/5/2013 15:30,-113.41,39.62,1439.04,-7,4429.08
6/5/2013 16:30,-113.41,39.62,1439.04,-7,4429.09
6/5/2013 17:30,-113.41,39.62,1439.04,-7,4429.08
6/5/2013 18:30,-113.41,39.62,1439.04,-7,4429.07
6/5/2013 19:30,-113.41,39.62,1439.04,-7,4429.06
6/5/2013 20:30,-113.41,39.62,1439.04,-7,4429.05
6/5/2013 21:30,-113.41,39.62,1439.04,-7,4429.04
6/5/2013 22:30,-113.41,39.62,1439.04,-7,4429.04
6/5/2013 23:30,-113.41,39.62,1439.04,-7,4429.05
6/6/2013 0:30,-113.41,39.62,1439.04,-7,4429.06
6/6/2013 1:30,-113.41,39.62,1439.04,-7,4429.07
6/6/2013 2:30,-113.41,39.62,1439.04,-7,4429.08
6/6/2013 3:30,-113.41,39.62,1439.04,-7,4429.08
6/6/2013 4:30,-113.41,39.62,1439.04,-7,4429.08
6/6/2013 5:30,-113.41,39.62,1439.04,-7,4429.06
6/6/2013 6:30,-113.41,39.62,1439.04,-7,4429.04
6/6/2013 7:30,-113.41,39.62,1439.04,-7,4429
6/6/2013 8:30,-113.41,39.62,1439.04,-7,4428.99
6/6/2013 9:30,-113.41,39.62,1439.04,-7,4428.98
6/6/2013 10:30,-113.41,39.62,1439.04,-7,4428.99
6/6/2013 11:30,-113.41,39.62,1439.04,-7,4429
6/6/2013 12:30,-113.41,39.62,1439.04,-7,4429.01
6/6/2013 13:30,-113.41,39.62,1439.04,-7,4429.04
6/6/2013 14:30,-113.41,39.62,1439.04,-7,4429.06
6/6/2013 15:30,-113.41,39.62,1439.04,-7,4429.08
6/6/2013 16:30,-113.41,39.62,1439.04,-7,4429.09
6/6/2013 17:30,-113.41,39.62,1439.04,-7,4429.09
6/6/2013 18:30,-113.41,39.62,1439.04,-7,4429.09
6/6/2013 19:30,-113.41,39.62,1439.04,-7,4429.07
6/6/2013 20:30,-113.41,39.62,1439.04,-7,4429.05
6/6/2013 21:30,-113.41,39.62,1439.04,-7,4429.04
6/6/2013 22:30,-113.41,39.62,1439.04,-7,4429.03
6/6/2013 23:30,-113.41,39.62,1439.04,-7,4429.04
6/7/2013 0:30,-113.41,39.62,1439.04,-7,4429.05
6/7/2013 1:30,-113.41,39.62,1439.04,-7,4429.06
6/7/2013 2:30,-113.41,39.62,1439.04,-7,4429.07
6/7/2013 3:30,-113.41,39.62,1439.04,-7,4429.07
6/7/2013 4:30,-113.41,39.62,1439.04,-7,4429.07
6/7/2013 5:30,-113.41,39.62,1439.04,-7,4429.06
6/7/2013 6:30,-113.41,39.62,1439.04,-7,4429.04
6/7/2013 7:30,-113.41,39.62,1439.04,-7,4429.01
6/7/2013 8:30,-113.41,39.62,1439.04,-7,4429
6/7/2013 9:30,-113.41,39.62,1439.04,-7,4429
6/7/2013 10:30,-113.41,39.62,1439.04,-7,4428.99
6/7/2013 11:30,-113.41,39.62,1439.04,-7,4429
6/7/2013 12:30,-113.41,39.62,1439.04,-7,4429.01
6/7/2013 13:30,-113.41,39.62,1439.04,-7,4429.03
6/7/2013 14:30,-113.41,39.62,1439.04,-7,4429.05
6/7/2013 15:30,-113.41,39.62,1439.04,-7,4429.08
6/7/2013 16:30,-113.41,39.62,1439.04,-7,4429.1
6/7/2013 17:30,-113.41,39.62,1439.04,-7,4429.1
6/7/2013 18:30,-113.41,39.62,1439.04,-7,4429.09
6/7/2013 19:30,-113.41,39.62,1439.04,-7,4429.08
6/7/2013 20:30,-113.41,39.62,1439.04,-7,4429.07
6/7/2013 21:30,-113.41,39.62,1439.04,-7,4429.05
6/7/2013 22:30,-113.41,39.62,1439.04,-7,4429.04
6/7/2013 23:30,-113.41,39.62,1439.04,-7,4429.04
6/8/2013 0:30,-113.41,39.62,1439.04,-7,4429.04
6/8/2013 1:30,-113.41,39.62,1439.04,-7,4429.04
6/8/2013 2:30,-113.41,39.62,1439.04,-7,4429.04
6/8/2013 3:30,-113.41,39.62,1439.04,-7,4429.04
6/8/2013 4:30,-113.41,39.62,1439.04,-7,4429.05
6/8/2013 5:30,-113.41,39.62,1439.04,-7,4429.03
6/8/2013 6:30,-113.41,39.62,1439.04,-7,4429.01
6/8/2013 7:30,-113.41,39.62,1439.04,-7,4429
6/8/2013 8:30,-113.41,39.62,1439.04,-7,4428.99
6/8/2013 9:30,-113.41,39.62,1439.04,-7,4428.99
6/8/2013 10:30,-113.41,39.62,1439.04,-7,4428.98
6/8/2013 11:30,-113.41,39.62,1439.04,-7,4428.98
6/8/2013 12:30,-113.41,39.62,1439.04,-7,4429
6/8/2013 13:30,-113.41,39.62,1439.04,-7,4429.01
6/8/2013 14:30,-113.41,39.62,1439.04,-7,4429.03
6/8/2013 15:30,-113.41,39.62,1439.04,-7,4429.06
6/8/2013 16:30,-113.41,39.62,1439.04,-7,4429.07
6/8/2013 17:30,-113.41,39.62,1439.04,-7,4429.08
6/8/2013 18:30,-113.41,39.62,1439.04,-7,4429.08
6/8/2013 19:30,-113.41,39.62,1439.04,-7,4429.07
6/8/2013 20:30,-113.41,39.62,1439.04,-7,4429.06
6/8/2013 21:30,-113.41,39.62,1439.04,-7,4429.04
6/8/2013 22:30,-113.41,39.62,1439.04,-7,4429.04
6/8/2013 23:30,-113.41,39.62,1439.04,-7,4429.04
6/9/2013 0:30,-113.41,39.62,1439.04,-7,4429.04
6/9/2013 1:30,-113.41,39.62,1439.04,-7,4429.05
6/9/2013 2:30,-113.41,39.62,1439.04,-7,4429.06
6/9/2013 3:30,-113.41,39.62,1439.04,-7,4429.07
6/9/2013 4:30,-113.41,39.62,1439.04,-7,4429.08
6/9/2013 5:30,-113.41,39.62,1439.04,-7,4429.07
6/9/2013 6:30,-113.41,39.62,1439.04,-7,4429.06
6/9/2013 7:30,-113.41,39.62,1439.04,-7,4429.03
6/9/2013 8:30,-113.41,39.62,1439.04,-7,4429.02
6/9/2013 9:30,-113.41,39.62,1439.04,-7,4429.01
6/9/2013 10:30,-113.41,39.62,1439.04,-7,4429.01
6/9/2013 11:30,-113.41,39.62,1439.04,-7,4429.01
6/9/2013 12:30,-113.41,39.62,1439.04,-7,4429.02
6/9/2013 13:30,-113.41,39.62,1439.04,-7,4429.04
6/9/2013 14:30,-113.41,39.62,1439.04,-7,4429.06
6/9/2013 15:30,-113.41,39.62,1439.04,-7,4429.08
6/9/2013 16:30,-113.41,39.62,1439.04,-7,4429.1
6/9/2013 17:30,-113.41,39.62,1439.04,-7,4429.11
6/9/2013 18:30,-113.41,39.62,1439.04,-7,4429.1
6/9/2013 19:30,-113.41,39.62,1439.04,-7,4429.09
6/9/2013 20:30,-113.41,39.62,1439.04,-7,4429.06
6/9/2013 21:30,-113.41,39.62,1439.04,-7,4429.03
6/9/2013 22:30,-113.41,39.62,1439.04,-7,4429.04
6/9/2013 23:30,-113.41,39.62,1439.04,-7,4429.04
6/10/2013 0:30,-113.41,39.62,1439.04,-7,4429.04
6/10/2013 1:30,-113.41,39.62,1439.04,-7,4429.04
6/10/2013 2:30,-113.41,39.62,1439.04,-7,4429.05
6/10/2013 3:30,-113.41,39.62,1439.04,-7,4429.06
6/10/2013 4:30,-113.41,39.62,1439.04,-7,4429.06
6/10/2013 5:30,-113.41,39.62,1439.04,-7,4429.06
6/10/2013 6:30,-113.41,39.62,1439.04,-7,4429.05
6/10/2013 7:30,-113.41,39.62,1439.04,-7,4429.04
6/10/2013 8:30,-113.41,39.62,1439.04,-7,4429.04
6/10/2013 9:30,-113.41,39.62,1439.04,-7,4429.03
6/10/2013 10:30,-113.41,39.62,1439.04,-7,4429.01
6/10/2013 11:30,-113.41,39.62,1439.04,-7,4429
6/10/2013 12:30,-113.41,39.62,1439.04,-7,4429
6/10/2013 13:30,-113.41,39.62,1439.04,-7,4429.02
6/10/2013 14:30,-113.41,39.62,1439.04,-7,4429.03
6/10/2013 15:30,-113.41,39.62,1439.04,-7,4429.04
6/10/2013 16:30,-113.41,39.62,1439.04,-7,4429.06
6/10/2013 17:30,-113.41,39.62,1439.04,-7,4429.08
6/10/2013 18:30,-113.41,39.62,1439.04,-7,4429.08
6/10/2013 19:30,-113.41,39.62,1439.04,-7,4429.08
6/10/2013 20:30,-113.41,39.62,1439.04,-7,4429.06
6/10/2013 21:30,-113.41,39.62,1439.04,-7,4429.05
6/10/2013 22:30,-113.41,39.62,1439.04,-7,4429.04
6/10/2013 23:30,-113.41,39.62,1439.04,-7,4429.04
6/11/2013 0:30,-113.41,39.62,1439.04,-7,4429.04
6/11/2013 1:30,-113.41,39.62,1439.04,-7,4429.03
6/11/2013 2:30,-113.41,39.62,1439.04,-7,4429.03
6/11/2013 3:30,-113.41,39.62,1439.04,-7,4429.04
6/11/2013 4:30,-113.41,39.62,1439.04,-7,4429.05
6/11/2013 5:30,-113.41,39.62,1439.04,-7,4429.05
6/11/2013 6:30,-113.41,39.62,1439.04,-7,4429.05
6/11/2013 7:30,-113.41,39.62,1439.04,-7,4429.04
6/11/2013 8:30,-113.41,39.62,1439.04,-7,4429.02
6/11/2013 9:30,-113.41,39.62,1439.04,-7,4429.01
6/11/2013 10:30,-113.41,39.62,1439.04,-7,4429
6/11/2013 11:30,-113.41,39.62,1439.04,-7,4428.99
6/11/2013 12:30,-113.41,39.62,1439.04,-7,4428.98
6/11/2013 13:30,-113.41,39.62,1439.04,-7,4428.99
6/11/2013 14:30,-113.41,39.62,1439.04,-7,4429
6/11/2013 15:30,-113.41,39.62,1439.04,-7,4429.03
6/11/2013 16:30,-113.41,39.62,1439.04,-7,4429.05
6/11/2013 17:30,-113.41,39.62,1439.04,-7,4429.06
6/11/2013 18:30,-113.41,39.62,1439.04,-7,4429.07
6/11/2013 19:30,-113.41,39.62,1439.04,-7,4429.06
6/11/2013 20:30,-113.41,39.62,1439.04,-7,4429.05
6/11/2013 21:30,-113.41,39.62,1439.04,-7,4429.04
6/11/2013 22:30,-113.41,39.62,1439.04,-7,4429.03
6/11/2013 23:30,-113.41,39.62,1439.04,-7,4429.03
6/12/2013 0:30,-113.41,39.62,1439.04,-7,4429.03
6/12/2013 1:30,-113.41,39.62,1439.04,-7,4429.03
6/12/2013 2:30,-113.41,39.62,1439.04,-7,4429.04
6/12/2013 3:30,-113.41,39.62,1439.04,-7,4429.05
6/12/2013 4:30,-113.41,39.62,1439.04,-7,4429.05
6/12/2013 5:30,-113.41,39.62,1439.04,-7,4429.06
6/12/2013 6:30,-113.41,39.62,1439.04,-7,4429.05
6/12/2013 7:30,-113.41,39.62,1439.04,-7,4429.05
6/12/2013 8:30,-113.41,39.62,1439.04,-7,4429.04
6/12/2013 9:30,-113.41,39.62,1439.04,-7,4429.04
6/12/2013 10:30,-113.41,39.62,1439.04,-7,4429.02
6/12/2013 11:30,-113.41,39.62,1439.04,-7,4429.01
6/12/2013 12:30,-113.41,39.62,1439.04,-7,4429.01
6/12/2013 13:30,-113.41,39.62,1439.04,-7,4429.01
6/12/2013 14:30,-113.41,39.62,1439.04,-7,4429.02
6/12/2013 15:30,-113.41,39.62,1439.04,-7,4429.03
6/12/2013 16:30,-113.41,39.62,1439.04,-7,4429.04
6/12/2013 17:30,-113.41,39.62,1439.04,-7,4429.05
6/12/2013 18:30,-113.41,39.62,1439.04,-7,4429.07
6/12/2013 19:30,-113.41,39.62,1439.04,-7,4429.07
6/12/2013 20:30,-113.41,39.62,1439.04,-7,4429.07
6/12/2013 21:30,-113.41,39.62,1439.04,-7,4429.06
6/12/2013 22:30,-113.41,39.62,1439.04,-7,4429.06
6/12/2013 23:30,-113.41,39.62,1439.04,-7,4429.05
6/13/2013 0:30,-113.41,39.62,1439.04,-7,4429.05
6/13/2013 1:30,-113.41,39.62,1439.04,-7,4429.04
6/13/2013 2:30,-113.41,39.62,1439.04,-7,4429.03
6/13/2013 3:30,-113.41,39.62,1439.04,-7,4429.04
6/13/2013 4:30,-113.41,39.62,1439.04,-7,4429.04
6/13/2013 5:30,-113.41,39.62,1439.04,-7,4429.04
6/13/2013 6:30,-113.41,39.62,1439.04,-7,4429.05
6/13/2013 7:30,-113.41,39.62,1439.04,-7,4429.05
6/13/2013 8:30,-113.41,39.62,1439.04,-7,4429.04
6/13/2013 9:30,-113.41,39.62,1439.04,-7,4429.04
6/13/2013 10:30,-113.41,39.62,1439.04,-7,4429.03
6/13/2013 11:30,-113.41,39.62,1439.04,-7,4429.03
6/13/2013 12:30,-113.41,39.62,1439.04,-7,4429.03
6/13/2013 13:30,-113.41,39.62,1439.04,-7,4429.03
6/13/2013 14:30,-113.41,39.62,1439.04,-7,4429.02
6/13/2013 15:30,-113.41,39.62,1439.04,-7,4429.02
6/13/2013 16:30,-113.41,39.62,1439.04,-7,4429.03
6/13/2013 17:30,-113.41,39.62,1439.04,-7,4429.01
6/13/2013 18:30,-113.41,39.62,1439.04,-7,4429.01
6/13/2013 19:30,-113.41,39.62,1439.04,-7,4429.02
6/13/2013 20:30,-113.41,39.62,1439.04,-7,4429.02
6/13/2013 21:30,-113.41,39.62,1439.04,-7,4429.02
6/13/2013 22:30,-113.41,39.62,1439.04,-7,4429.02
6/13/2013 23:30,-113.41,39.62,1439.04,-7,4429.02
6/14/2013 0:30,-113.41,39.62,1439.04,-7,4429.03
6/14/2013 1:30,-113.41,39.62,1439.04,-7,4429.02
6/14/2013 2:30,-113.41,39.62,1439.04,-7,4429.01
6/14/2013 3:30,-113.41,39.62,1439.04,-7,4429.01
6/14/2013 4:30,-113.41,39.62,1439.04,-7,4429.01
6/14/2013 5:30,-113.41,39.62,1439.04,-7,4429.01
6/14/2013 6:30,-113.41,39.62,1439.04,-7,4429.01
6/14/2013 7:30,-113.41,39.62,1439.04,-7,4429.02
6/14/2013 8:30,-113.41,39.62,1439.04,-7,4429.02
6/14/2013 9:30,-113.41,39.62,1439.04,-7,4429.02
6/14/2013 10:30,-113.41,39.62,1439.04,-7,4429.03
6/14/2013 11:30,-113.41,39.62,1439.04,-7,4429.03
6/14/2013 12:30,-113.41,39.62,1439.04,-7,4429.03
6/14/2013 13:30,-113.41,39.62,1439.04,-7,4429.03
6/14/2013 14:30,-113.41,39.62,1439.04,-7,4429.03
6/14/2013 15:30,-113.41,39.62,1439.04,-7,4429.03
6/14/2013 16:30,-113.41,39.62,1439.04,-7,4429.03
6/14/2013 17:30,-113.41,39.62,1439.04,-7,4429.04
6/14/2013 18:30,-113.41,39.62,1439.04,-7,4429.05
6/14/2013 19:30,-113.41,39.62,1439.04,-7,4429.05
6/14/2013 20:30,-113.41,39.62,1439.04,-7,4429.05
6/14/2013 21:30,-113.41,39.62,1439.04,-7,4429.05
6/14/2013 22:30,-113.41,39.62,1439.04,-7,4429.06
6/14/2013 23:30,-113.41,39.62,1439.04,-7,4429.07
6/15/2013 0:30,-113.41,39.62,1439.04,-7,4429.07
6/15/2013 1:30,-113.41,39.62,1439.04,-7,4429.06
6/15/2013 2:30,-113.41,39.62,1439.04,-7,4429.06
6/15/2013 3:30,-113.41,39.62,1439.04,-7,4429.05
6/15/2013 4:30,-113.41,39.62,1439.04,-7,4429.05
6/15/2013 5:30,-113.41,39.62,1439.04,-7,4429.05
6/15/2013 6:30,-113.41,39.62,1439.04,-7,4429.03
6/15/2013 7:30,-113.41,39.62,1439.04,-7,4429.02
6/15/2013 8:30,-113.41,39.62,1439.04,-7,4429.03
6/15/2013 9:30,-113.41,39.62,1439.04,-7,4429.04
6/15/2013 10:30,-113.41,39.62,1439.04,-7,4429.04
6/15/2013 11:30,-113.41,39.62,1439.04,-7,4429.04
6/15/2013 12:30,-113.41,39.62,1439.04,-7,4429.05
6/15/2013 13:30,-113.41,39.62,1439.04,-7,4429.05
6/15/2013 14:30,-113.41,39.62,1439.04,-7,4429.05
6/15/2013 15:30,-113.41,39.62,1439.04,-7,4429.05
6/15/2013 16:30,-113.41,39.62,1439.04,-7,4429.05
6/15/2013 17:30,-113.41,39.62,1439.04,-7,4429.05
6/15/2013 18:30,-113.41,39.62,1439.04,-7,4429.05
6/15/2013 19:30,-113.41,39.62,1439.04,-7,4429.05
6/15/2013 20:30,-113.41,39.62,1439.04,-7,4429.05
6/15/2013 21:30,-113.41,39.62,1439.04,-7,4429.05
6/15/2013 22:30,-113.41,39.62,1439.04,-7,4429.06
6/15/2013 23:30,-113.41,39.62,1439.04,-7,4429.06
6/16/2013 0:30,-113.41,39.62,1439.04,-7,4429.06
6/16/2013 1:30,-113.41,39.62,1439.04,-7,4429.06
6/16/2013 2:30,-113.41,39.62,1439.04,-7,4429.05
6/16/2013 3:30,-113.41,39.62,1439.04,-7,4429.03
6/16/2013 4:30,-113.41,39.62,1439.04,-7,4429.02
6/16/2013 5:30,-113.41,39.62,1439.04,-7,4429.02
6/16/2013 6:30,-113.41,39.62,1439.04,-7,4429.01
6/16/2013 7:30,-113.41,39.62,1439.04,-7,4429
6/16/2013 8:30,-113.41,39.62,1439.04,-7,4429.01
6/16/2013 9:30,-113.41,39.62,1439.04,-7,4429.03
6/16/2013 10:30,-113.41,39.62,1439.04,-7,4429.04
6/16/2013 11:30,-113.41,39.62,1439.04,-7,4429.05
6/16/2013 12:30,-113.41,39.62,1439.04,-7,4429.05
6/16/2013 13:30,-113.41,39.62,1439.04,-7,4429.05
6/16/2013 14:30,-113.41,39.62,1439.04,-7,4429.05
6/16/2013 15:30,-113.41,39.62,1439.04,-7,4429.05
6/16/2013 16:30,-113.41,39.62,1439.04,-7,4429.05
6/16/2013 17:30,-113.41,39.62,1439.04,-7,4429.04
6/16/2013 18:30,-113.41,39.62,1439.04,-7,4429.04
6/16/2013 19:30,-113.41,39.62,1439.04,-7,4429.04
6/16/2013 20:30,-113.41,39.62,1439.04,-7,4429.04
6/16/2013 21:30,-113.41,39.62,1439.04,-7,4429.05
6/16/2013 22:30,-113.41,39.62,1439.04,-7,4429.06
6/16/2013 23:30,-113.41,39.62,1439.04,-7,4429.06
6/17/2013 0:30,-113.41,39.62,1439.04,-7,4429.06
6/17/2013 1:30,-113.41,39.62,1439.04,-7,4429.04
6/17/2013 2:30,-113.41,39.62,1439.04,-7,4429.04
6/17/2013 3:30,-113.41,39.62,1439.04,-7,4429.03
6/17/2013 4:30,-113.41,39.62,1439.04,-7,4429.02
6/17/2013 5:30,-113.41,39.62,1439.04,-7,4429.02
6/17/2013 6:30,-113.41,39.62,1439.04,-7,4429
6/17/2013 7:30,-113.41,39.62,1439.04,-7,4429
6/17/2013 8:30,-113.41,39.62,1439.04,-7,4429
6/17/2013 9:30,-113.41,39.62,1439.04,-7,4429.02
6/17/2013 10:30,-113.41,39.62,1439.04,-7,4429.03
6/17/2013 11:30,-113.41,39.62,1439.04,-7,4429.05
6/17/2013 12:30,-113.41,39.62,1439.04,-7,4429.06
6/17/2013 13:30,-113.41,39.62,1439.04,-7,4429.07
6/17/2013 14:30,-113.41,39.62,1439.04,-7,4429.08
6/17/2013 15:30,-113.41,39.62,1439.04,-7,4429.08
6/17/2013 16:30,-113.41,39.62,1439.04,-7,4429.07
6/17/2013 17:30,-113.41,39.62,1439.04,-7,4429.07
6/17/2013 18:30,-113.41,39.62,1439.04,-7,4429.06
6/17/2013 19:30,-113.41,39.62,1439.04,-7,4429.05
6/17/2013 20:30,-113.41,39.62,1439.04,-7,4429.04
6/17/2013 21:30,-113.41,39.62,1439.04,-7,4429.04
6/17/2013 22:30,-113.41,39.62,1439.04,-7,4429.05
6/17/2013 23:30,-113.41,39.62,1439.04,-7,4429.07
6/18/2013 0:30,-113.41,39.62,1439.04,-7,4429.08
6/18/2013 1:30,-113.41,39.62,1439.04,-7,4429.07
6/18/2013 2:30,-113.41,39.62,1439.04,-7,4429.06
6/18/2013 3:30,-113.41,39.62,1439.04,-7,4429.04
6/18/2013 4:30,-113.41,39.62,1439.04,-7,4429.03
6/18/2013 5:30,-113.41,39.62,1439.04,-7,4429.02
6/18/2013 6:30,-113.41,39.62,1439.04,-7,4429
6/18/2013 7:30,-113.41,39.62,1439.04,-7,4428.99
6/18/2013 8:30,-113.41,39.62,1439.04,-7,4429
6/18/2013 9:30,-113.41,39.62,1439.04,-7,4429.02
6/18/2013 10:30,-113.41,39.62,1439.04,-7,4429.04
6/18/2013 11:30,-113.41,39.62,1439.04,-7,4429.05
6/18/2013 12:30,-113.41,39.62,1439.04,-7,4429.07
6/18/2013 13:30,-113.41,39.62,1439.04,-7,4429.09
6/18/2013 14:30,-113.41,39.62,1439.04,-7,4429.1
6/18/2013 15:30,-113.41,39.62,1439.04,-7,4429.09
6/18/2013 16:30,-113.41,39.62,1439.04,-7,4429.09
6/18/2013 17:30,-113.41,39.62,1439.04,-7,4429.08
6/18/2013 18:30,-113.41,39.62,1439.04,-7,4429.06
6/18/2013 19:30,-113.41,39.62,1439.04,-7,4429.05
6/18/2013 20:30,-113.41,39.62,1439.04,-7,4429.04
6/18/2013 21:30,-113.41,39.62,1439.04,-7,4429.03
6/18/2013 22:30,-113.41,39.62,1439.04,-7,4429.04
6/18/2013 23:30,-113.41,39.62,1439.04,-7,4429.04
6/19/2013 0:30,-113.41,39.62,1439.04,-7,4429.04
6/19/2013 1:30,-113.41,39.62,1439.04,-7,4429.05
6/19/2013 2:30,-113.41,39.62,1439.04,-7,4429.05
6/19/2013 3:30,-113.41,39.62,1439.04,-7,4429.04
6/19/2013 4:30,-113.41,39.62,1439.04,-7,4429.02
6/19/2013 5:30,-113.41,39.62,1439.04,-7,4429
6/19/2013 6:30,-113.41,39.62,1439.04,-7,4428.98
6/19/2013 7:30,-113.41,39.62,1439.04,-7,4428.96
6/19/2013 8:30,-113.41,39.62,1439.04,-7,4428.95
6/19/2013 9:30,-113.41,39.62,1439.04,-7,4428.96
6/19/2013 10:30,-113.41,39.62,1439.04,-7,4428.98
6/19/2013 10:37,-113.41,39.62,1439.04,-7,4428.98
